Model,Explainer,Patient_Position,Original_Row_Index,Original_Probability,Mean_Perturbed_Probability,Mean_Absolute_Probability_Change,Class_Flip_Rate,Mean_Stability_Spearman,Std_Stability_Spearman,Mean_Stability_TopK,Std_Stability_TopK,Mean_Stability_Score,Std_Stability_Score,Minimum_Stability_Score,Maximum_Stability_Score
Logistic Regression,SHAP,0,44,0.7146424160389637,0.705950449766608,0.016949480750399294,0.0,0.9869047619047617,0.011845088536983529,1.0,0.0,0.9967261904761907,0.0029612721342458822,0.9940476190476191,1.0
Logistic Regression,SHAP,1,672,0.25108021980409934,0.24703048354961027,0.022675057408415085,0.0,0.9583333333333333,0.029999055162748,0.8333333333333333,0.16666666666666669,0.90625,0.08686959089345056,0.8095238095238095,1.0
Logistic Regression,SHAP,2,700,0.4269449837296195,0.42411068169703564,0.016942981119596984,0.0,0.8750000000000002,0.11290711170256666,0.7499999999999999,0.14433756729740646,0.84375,0.08727650027355588,0.7261904761904763,1.0
Logistic Regression,SHAP,3,630,0.4435588335354884,0.4413134833208989,0.017320649408542756,0.0,0.8821428571428573,0.09508171685354966,0.9833333333333332,0.0726483157256779,0.962202380952381,0.041122078844347425,0.8154761904761905,1.0
Logistic Regression,SHAP,4,81,0.012431945925142088,0.012587668742251788,0.001130609506047789,0.0,0.9916666666666665,0.0172926655313499,1.0,0.0,0.9979166666666668,0.004323166382837469,0.9821428571428572,1.0
Logistic Regression,SHAP,5,389,0.33697510042652523,0.3385625403848108,0.01899593087172599,0.0,0.8976190476190478,0.06986381310057717,0.85,0.16583123951777,0.899404761904762,0.08254087491507485,0.7857142857142858,1.0
Logistic Regression,SHAP,6,387,0.6206784659651914,0.627198366759574,0.026576281525572815,0.0,0.9619047619047618,0.03483033056744714,0.9166666666666666,0.14433756729740646,0.9488095238095239,0.07796028554622528,0.7976190476190477,1.0
Logistic Regression,SHAP,7,408,0.9365487706799428,0.9364551355278525,0.004826516992363439,0.0,0.9857142857142858,0.021821789023599224,0.9166666666666666,0.14433756729740646,0.9547619047619049,0.0757240185418536,0.8095238095238095,1.0
Logistic Regression,SHAP,8,163,0.18788007776319873,0.1933758265669239,0.018148618667738682,0.0,0.9392857142857143,0.057575248996874974,0.8833333333333334,0.1589898669028243,0.9264880952380953,0.08269901012412546,0.8095238095238095,1.0
Logistic Regression,SHAP,9,335,0.8332795214630727,0.8386916039047888,0.013067218022412851,0.0,0.9690476190476189,0.026190476190476167,1.0,0.0,0.9922619047619049,0.006547619047619038,0.9761904761904762,1.0
Logistic Regression,SHAP,10,471,0.4019113421643898,0.40564970023271235,0.021201910280961203,0.0,0.955952380952381,0.054437444596065095,0.85,0.16583123951777,0.9139880952380952,0.08655496710144356,0.7857142857142858,1.0
Logistic Regression,SHAP,11,78,0.6945232638894238,0.694619225520698,0.018677263623924068,0.0,0.9833333333333334,0.017003401020340092,0.9,0.1527525231651947,0.9458333333333332,0.07954617236181115,0.8214285714285714,1.0
Logistic Regression,SHAP,12,307,0.22571646403431925,0.22369098433933515,0.018968605978058592,0.0,0.9702380952380952,0.018249654424709376,1.0,0.0,0.992559523809524,0.004562413606177333,0.9821428571428572,1.0
Logistic Regression,SHAP,13,392,0.21103974982423315,0.20800895335858033,0.02006336881958448,0.0,0.9476190476190478,0.04677829215330593,0.9333333333333332,0.13333333333333336,0.9535714285714286,0.07478711282632829,0.7916666666666667,1.0
Logistic Regression,SHAP,14,678,0.42496733951017734,0.430475715929028,0.02167310331314138,0.0,0.9333333333333336,0.07514158970504521,0.8333333333333333,0.16666666666666669,0.9,0.08600315081503342,0.7619047619047619,1.0
Logistic Regression,SHAP,15,116,0.49849409571483355,0.5076237549100632,0.020401250765084967,0.75,0.9345238095238096,0.07333758491076874,0.9166666666666666,0.14433756729740646,0.9419642857142858,0.0863377416926663,0.75,1.0
Logistic Regression,SHAP,16,660,0.7965582744190133,0.7984220670577159,0.016052410833498267,0.0,0.9976190476190476,0.007142857142857117,0.9833333333333332,0.0726483157256779,0.9910714285714285,0.03757550976687295,0.8273809523809523,1.0
Logistic Regression,SHAP,17,742,0.18074879837404004,0.17526140783103725,0.012903225690268996,0.0,0.925,0.045347611797002155,0.8833333333333332,0.1589898669028243,0.9229166666666668,0.0873698213683709,0.7916666666666667,1.0
Logistic Regression,SHAP,18,260,0.8324559101568259,0.8385703717355873,0.01495563411511568,0.0,0.8416666666666668,0.1328381536181881,0.85,0.16583123951777,0.8854166666666666,0.09320514383803333,0.6845238095238095,0.9940476190476191
Logistic Regression,SHAP,19,533,0.3568523374303624,0.35296821111375476,0.02703560505404006,0.0,0.9726190476190476,0.020308002510990426,0.8833333333333332,0.1589898669028243,0.9348214285714287,0.08268187109874828,0.8214285714285714,1.0
Logistic Regression,SHAP,20,140,0.3199571238855704,0.3203750062932057,0.014961996913746955,0.0,0.9714285714285715,0.040265558393542275,1.0,0.0,0.9928571428571429,0.01006638959838557,0.9642857142857143,1.0
Logistic Regression,SHAP,21,13,0.8266821395173364,0.8378675627534765,0.01613437556245732,0.0,0.980952380952381,0.031586902765289505,1.0,0.0,0.9952380952380955,0.007896725691322375,0.9642857142857143,1.0
Logistic Regression,SHAP,22,17,0.3115533025072294,0.3208792457171275,0.021223988026754157,0.0,0.9321428571428573,0.06083088710019628,0.8666666666666666,0.1632993161855452,0.9163690476190478,0.09004587124666755,0.7678571428571428,1.0
Logistic Regression,SHAP,23,245,0.9473494310146252,0.9478795621715775,0.004191648530683228,0.0,0.9916666666666665,0.011356419064487406,1.0,0.0,0.9979166666666668,0.0028391047661218524,0.9940476190476191,1.0
Logistic Regression,SHAP,24,517,0.6779157665566052,0.6778724706603733,0.019739580803409002,0.0,0.9690476190476189,0.03021089890583216,0.8166666666666667,0.16583123951777,0.9005952380952381,0.08658821999134665,0.8035714285714286,1.0
Logistic Regression,SHAP,25,62,0.056175440961258614,0.055803745242296324,0.004545218027886605,0.0,0.9333333333333333,0.06098213559459854,0.9166666666666666,0.14433756729740646,0.941666666666667,0.0764040904272383,0.7857142857142858,1.0
Logistic Regression,SHAP,26,480,0.7170494269053758,0.7194032136493135,0.022767811035611863,0.0,0.9523809523809526,0.057833132388052946,0.9833333333333332,0.0726483157256779,0.979761904761905,0.037805820257620054,0.8273809523809523,1.0
Logistic Regression,SHAP,27,629,0.11542115037733316,0.11435493935954111,0.010153678372993904,0.0,0.961904761904762,0.05183700251685054,0.9333333333333333,0.13333333333333336,0.9571428571428571,0.06978770041527162,0.8035714285714286,1.0
Logistic Regression,SHAP,28,64,0.4907605376114161,0.48981398414282085,0.025461175188923012,0.35,0.8797619047619051,0.08828005067363053,0.8166666666666667,0.16583123951777004,0.8782738095238095,0.08192852904746971,0.7619047619047619,1.0
Logistic Regression,SHAP,29,3,0.09484136636054671,0.0963970972650096,0.007752617494807915,0.0,0.9357142857142857,0.04586038162918625,0.95,0.11902380714238082,0.9589285714285716,0.06749853026030704,0.7976190476190477,1.0
Logistic Regression,SHAP,30,158,0.10942291626577658,0.1079924482549556,0.00868539133816324,0.0,0.9499999999999998,0.05729147340721885,0.8333333333333333,0.16666666666666669,0.9041666666666666,0.09505003754438085,0.7916666666666667,1.0
Logistic Regression,SHAP,31,83,0.10754315088083088,0.11204776693904699,0.011193983244836532,0.0,0.9666666666666665,0.03316282923139075,1.0,0.0,0.9916666666666669,0.008290707307847691,0.9761904761904762,1.0
Logistic Regression,SHAP,32,437,0.583625376694845,0.5885386264811248,0.018980210172448452,0.0,0.9178571428571427,0.13094696958516225,0.8833333333333332,0.1589898669028243,0.9211309523809523,0.10223333419282288,0.7083333333333333,1.0
Logistic Regression,SHAP,33,153,0.7055045722372986,0.7106478575274345,0.02070323686276245,0.0,0.9678571428571427,0.04778245771521303,0.9666666666666666,0.1,0.9752976190476191,0.058025029541465836,0.7797619047619048,1.0
Logistic Regression,SHAP,34,469,0.8843938607475237,0.8874343114425409,0.010135791655798799,0.0,0.9726190476190475,0.026379190245428952,1.0,0.0,0.993154761904762,0.0065947975613572345,0.9761904761904762,1.0
Logistic Regression,SHAP,35,124,0.2382652509078847,0.23663625817941086,0.01520685860631638,0.0,0.8976190476190478,0.09376842222626294,0.7999999999999999,0.16329931618554525,0.8744047619047619,0.09560754234993708,0.7380952380952381,1.0
Logistic Regression,SHAP,36,305,0.4665849916135932,0.4760207460051431,0.026214487613824812,0.25,0.8880952380952383,0.08182304894018846,0.9,0.1527525231651947,0.9220238095238095,0.07573571499680384,0.7976190476190477,1.0
Logistic Regression,SHAP,37,767,0.1480359413099105,0.15189802575688993,0.01098500038708072,0.0,0.9523809523809523,0.05161781759209235,0.9833333333333334,0.0726483157256779,0.9797619047619047,0.043391183258589504,0.7976190476190477,1.0
Logistic Regression,SHAP,38,746,0.7957159814443899,0.7966385804074495,0.018837403519290162,0.0,0.9857142857142858,0.01579345138264473,0.9666666666666666,0.1,0.979761904761905,0.05285231638195981,0.8214285714285714,1.0
Logistic Regression,SHAP,39,345,0.7231444602156797,0.7257907541335319,0.01682750126756687,0.0,0.9785714285714286,0.029063227656508785,0.9166666666666666,0.14433756729740646,0.9529761904761905,0.07620210104768527,0.8095238095238095,1.0
Logistic Regression,SHAP,40,745,0.4899629709541437,0.48354602164485244,0.026678995450027054,0.35,0.9595238095238094,0.052758380490857903,0.9833333333333334,0.0726483157256779,0.9815476190476191,0.03773546633475112,0.8273809523809523,1.0
Logistic Regression,SHAP,41,596,0.22724823320592938,0.22075890309870508,0.017209812744651113,0.0,0.9976190476190476,0.007142857142857117,1.0,0.0,0.9994047619047619,0.0017857142857142792,0.9940476190476191,1.0
Logistic Regression,SHAP,42,279,0.21424623978321758,0.21631033442718423,0.011000026048554563,0.0,0.9499999999999998,0.041170515394739454,0.85,0.16583123951777,0.9125,0.09045073263392402,0.7916666666666667,1.0
Logistic Regression,SHAP,43,264,0.4363243250369715,0.436682154931675,0.02171974189524018,0.0,0.7607142857142858,0.204606114599538,0.7166666666666666,0.15898986690282427,0.7985119047619047,0.11453152817766825,0.5178571428571429,1.0
Logistic Regression,SHAP,44,380,0.2847715614137666,0.2831992118026289,0.01924610048330528,0.0,0.9392857142857143,0.0448447814329461,0.9333333333333333,0.13333333333333333,0.9514880952380953,0.07444701181395535,0.7976190476190477,1.0
Logistic Regression,SHAP,45,560,0.5827146690690181,0.5821543782622487,0.018815424875205905,0.0,0.936904761904762,0.05066172102607906,0.8333333333333333,0.19720265943665388,0.9008928571428572,0.10961556392110337,0.6190476190476191,1.0
Logistic Regression,SHAP,46,276,0.28806019386880927,0.28417521586602434,0.01237624614563955,0.0,0.9690476190476189,0.02271283812897489,1.0,0.0,0.9922619047619049,0.00567820953224372,0.9761904761904762,1.0
Logistic Regression,SHAP,47,501,0.2243943377622762,0.2192174180101077,0.01719547779147092,0.0,0.9250000000000002,0.07942358954343298,0.9,0.1527525231651947,0.93125,0.09176083212237879,0.7559523809523809,1.0
Logistic Regression,SHAP,48,415,0.7096165654621704,0.7071108271938039,0.014391630430483238,0.0,0.9630952380952381,0.0323625648073052,0.7833333333333332,0.1589898669028243,0.8824404761904763,0.0840503801988107,0.8035714285714286,1.0
Logistic Regression,SHAP,49,535,0.5972131983968157,0.5977753902213173,0.02492622871349298,0.0,0.9511904761904763,0.06920138871111245,1.0,0.0,0.9877976190476192,0.017300347177778102,0.9166666666666667,1.0
Logistic Regression,SHAP,50,558,0.7435088780733001,0.7439219717904986,0.018410194239343897,0.0,0.9976190476190476,0.007142857142857117,0.9833333333333332,0.0726483157256779,0.9910714285714285,0.03757550976687295,0.8273809523809523,1.0
Logistic Regression,SHAP,51,484,0.8484816119023146,0.843701646296792,0.011977754760747621,0.0,0.9809523809523807,0.01428571428571426,1.0,0.0,0.9952380952380955,0.0035714285714285587,0.9880952380952381,1.0
Logistic Regression,SHAP,52,428,0.5143100667144191,0.5245664855634437,0.021553222939582485,0.2,0.9916666666666668,0.01135641906448741,1.0,0.0,0.9979166666666668,0.0028391047661218524,0.9940476190476191,1.0
Logistic Regression,SHAP,53,89,0.1483550563824903,0.1505485960490356,0.014257907142005708,0.0,0.9511904761904761,0.04730551544358457,0.9166666666666666,0.14433756729740646,0.9461309523809526,0.08132083080414104,0.7916666666666667,1.0
Logistic Regression,SHAP,54,756,0.6389533330401765,0.6337793418624718,0.020818506277545216,0.0,0.8857142857142858,0.10312575156051289,1.0,0.0,0.9714285714285715,0.025781437890128232,0.9226190476190477,1.0
Logistic Regression,SHAP,55,531,0.4894320591075687,0.4837712137815041,0.029775337709938354,0.4,0.9773809523809526,0.02550510153051016,0.9666666666666666,0.1,0.9776785714285715,0.05519609831054623,0.8095238095238095,1.0
Logistic Regression,SHAP,56,712,0.8287924683647464,0.8291744729627348,0.009688438851947579,0.0,0.9559523809523809,0.05066172102607905,1.0,0.0,0.988988095238095,0.012665430256519766,0.9583333333333334,1.0
Logistic Regression,SHAP,57,532,0.39183842610592434,0.3962761154656278,0.02233721379999659,0.0,0.9845238095238095,0.018860689902089087,1.0,0.0,0.9961309523809525,0.004715172475522263,0.9880952380952381,1.0
Logistic Regression,SHAP,58,355,0.8231887332927517,0.8225425478161481,0.013918319086530078,0.0,0.9833333333333332,0.031134992453861934,1.0,0.0,0.9958333333333333,0.0077837481134654845,0.9642857142857143,1.0
Logistic Regression,SHAP,59,713,0.2666319382392118,0.27220556382400496,0.015728526654753848,0.0,0.9797619047619047,0.020308002510990415,1.0,0.0,0.9949404761904763,0.005077000627747596,0.9821428571428572,1.0
Logistic Regression,SHAP,60,440,0.8296640488953662,0.8299277155460654,0.012124850622612909,0.0,0.9654761904761905,0.030560708697603405,1.0,0.0,0.9913690476190476,0.007640177174400849,0.9761904761904762,1.0
Logistic Regression,SHAP,61,311,0.3578013179009573,0.3639559436729959,0.023388151942235185,0.0,0.9797619047619047,0.01729266553134991,0.9666666666666666,0.1,0.9782738095238095,0.0504821916356214,0.8273809523809523,1.0
Logistic Regression,SHAP,62,494,0.017392862270370523,0.01832505969375595,0.0014967820667851398,0.0,0.9857142857142858,0.021821789023599224,1.0,0.0,0.9964285714285716,0.00545544725589981,0.9761904761904762,1.0
Logistic Regression,SHAP,63,235,0.8891276781265532,0.8909734745159174,0.006514077961899923,0.0,0.9071428571428569,0.08380817098475259,1.0,0.0,0.9767857142857143,0.020952042746188157,0.9107142857142857,1.0
Logistic Regression,SHAP,64,650,0.09667451417189538,0.0970734342417416,0.0054007972559614445,0.0,0.9904761904761905,0.011664236870396045,0.9833333333333332,0.0726483157256779,0.9892857142857144,0.037248780588481,0.8273809523809523,1.0
Logistic Regression,SHAP,65,724,0.2948580824772912,0.28860663287623933,0.022476399094102956,0.0,0.9273809523809525,0.052959467665560034,0.85,0.16583123951777,0.9068452380952381,0.0854591730970989,0.7976190476190477,1.0
Logistic Regression,SHAP,66,332,0.939446190750245,0.9423666392951932,0.006068512823558442,0.0,0.9952380952380953,0.00952380952380949,1.0,0.0,0.9988095238095239,0.0023809523809523725,0.9940476190476191,1.0
Logistic Regression,SHAP,67,418,0.05962738461839391,0.058289319608037314,0.0050886862394355255,0.0,0.9833333333333336,0.013256581816261923,1.0,0.0,0.9958333333333333,0.0033141454540654776,0.9880952380952381,1.0
Logistic Regression,SHAP,68,410,0.4245834200801528,0.4236267747454273,0.02651880148758053,0.0,0.9726190476190475,0.030374644814697732,0.8666666666666666,0.16329931618554522,0.926488095238095,0.08829359505972918,0.8154761904761905,1.0
Logistic Regression,SHAP,69,743,0.7645185723804039,0.7650590851612157,0.015168750895454153,0.0,0.961904761904762,0.02954684201426391,0.85,0.16583123951777,0.9154761904761907,0.08594133288710795,0.8095238095238095,1.0
Logistic Regression,SHAP,70,419,0.31760223984581465,0.3207101359205028,0.023507695501611647,0.0,0.9107142857142859,0.06771078619314223,0.9833333333333332,0.0726483157256779,0.969345238095238,0.042769213700856935,0.7976190476190477,1.0
Logistic Regression,SHAP,71,527,0.18979195507853466,0.19477068535738404,0.018765236354199653,0.0,0.9345238095238096,0.0771057376891013,0.9666666666666666,0.1,0.9669642857142856,0.06094944538131787,0.7738095238095238,1.0
Logistic Regression,SHAP,72,351,0.46466201892216963,0.4787499716202214,0.029321312263005345,0.25,0.8857142857142858,0.10583862271853746,0.9666666666666666,0.1,0.9547619047619049,0.06947731648292797,0.7142857142857143,1.0
Logistic Regression,SHAP,73,618,0.659962347960971,0.6602591924720553,0.027446553310535277,0.0,0.975,0.03647988915724892,0.9333333333333332,0.13333333333333336,0.9604166666666669,0.07003286704102865,0.8154761904761905,1.0
Logistic Regression,SHAP,74,407,0.09634222925796307,0.09494180690128137,0.007247078254325455,0.0,0.9654761904761905,0.03946567727202566,1.0,0.0,0.9913690476190478,0.009866419318006421,0.9642857142857143,1.0
Logistic Regression,SHAP,75,243,0.5818604257128994,0.5872397041184491,0.01882716839992878,0.0,0.9428571428571427,0.034006802040680226,0.9833333333333332,0.0726483157256779,0.9773809523809526,0.04298921448873282,0.7916666666666667,0.9940476190476191
Logistic Regression,SHAP,76,190,0.1395518773890205,0.1489193970803274,0.013622895222415035,0.0,0.9226190476190474,0.08808719396993295,0.9333333333333333,0.13333333333333333,0.9473214285714286,0.07432793652810549,0.7738095238095238,1.0
Logistic Regression,SHAP,77,187,0.5606921564570687,0.5615894427209117,0.023834444399812322,0.0,0.925,0.04003612314476245,0.9166666666666666,0.14433756729740646,0.9395833333333332,0.0769971019789182,0.7976190476190477,1.0
Logistic Regression,SHAP,78,496,0.24484218308118066,0.2471440202368273,0.015221298725121239,0.0,0.9083333333333334,0.08393490350986822,0.7999999999999999,0.16329931618554525,0.8770833333333332,0.08359387417340897,0.7440476190476191,1.0
Logistic Regression,SHAP,79,441,0.15392514050277764,0.15264049282938136,0.011224944252134385,0.0,0.9321428571428569,0.0544374445960651,1.0,0.0,0.9830357142857145,0.013609361149016288,0.9404761904761905,0.9940476190476191
Logistic Regression,SHAP,80,430,0.13926645869484597,0.13967522289190135,0.011972383994334207,0.0,0.9785714285714284,0.024857872640263193,1.0,0.0,0.9946428571428573,0.006214468160065798,0.9761904761904762,1.0
Logistic Regression,SHAP,81,698,0.4919831365579084,0.4927233535484893,0.02481277260552875,0.4,0.9333333333333336,0.09834226870506371,0.9,0.1527525231651947,0.9333333333333333,0.09295248463108974,0.7440476190476191,1.0
Logistic Regression,SHAP,82,513,0.13865980868717312,0.14049123835339924,0.014235288274249785,0.0,0.9761904761904763,0.010647942749998985,0.95,0.11902380714238084,0.9690476190476192,0.061214095867535456,0.8214285714285714,1.0
Logistic Regression,SHAP,83,304,0.38120242486843375,0.38198311064463264,0.02909631078024878,0.0,0.9595238095238097,0.05112121560377113,0.9833333333333332,0.0726483157256779,0.9815476190476191,0.04254599352025817,0.8035714285714286,1.0
Logistic Regression,SHAP,84,82,0.2616283460317787,0.26483612833544995,0.02307843751429033,0.0,0.975,0.024368439869593698,0.95,0.11902380714238084,0.9687500000000002,0.062141118156657266,0.8154761904761905,1.0
Logistic Regression,SHAP,85,563,0.26803936252713345,0.26924035817570013,0.023099283354455658,0.0,0.9690476190476189,0.031134992453861955,1.0,0.0,0.9922619047619048,0.007783748113465496,0.9761904761904762,1.0
Logistic Regression,SHAP,86,722,0.5576108736030642,0.5471817464962959,0.023718982789329733,0.05,0.975,0.03724878058848097,0.9166666666666666,0.14433756729740646,0.9520833333333334,0.0752799715815249,0.8095238095238095,1.0
Logistic Regression,SHAP,87,199,0.5383953769915658,0.5445907414487474,0.032892536926014224,0.15,0.9261904761904761,0.07784658440129434,1.0,0.0,0.9815476190476191,0.019461646100323592,0.9345238095238095,1.0
Logistic Regression,SHAP,88,112,0.12261057469045013,0.12058094324180799,0.009718525079808138,0.0,0.9583333333333334,0.03755192927520832,0.9,0.1527525231651947,0.9395833333333334,0.08224792710825875,0.7916666666666667,1.0
Logistic Regression,SHAP,89,162,0.407853225206163,0.4117772173261261,0.022540122428130468,0.0,0.8892857142857142,0.09012305772042924,0.95,0.11902380714238082,0.9473214285714289,0.07706609478137978,0.7678571428571428,1.0
Logistic Regression,SHAP,90,24,0.8196674244042783,0.8220867261684391,0.013169138973838085,0.0,0.9880952380952379,0.014085904245475242,0.9,0.1527525231651947,0.9470238095238095,0.07900986978732168,0.8214285714285714,1.0
Logistic Regression,SHAP,91,215,0.9270372803764718,0.9279713778012046,0.006563341609155382,0.0,0.9726190476190476,0.021658815950786007,1.0,0.0,0.993154761904762,0.005414703987696502,0.9761904761904762,1.0
Logistic Regression,SHAP,92,42,0.2427484209738942,0.2390506540535407,0.01928792975032242,0.0,0.9547619047619047,0.04755948656056706,0.8333333333333333,0.16666666666666669,0.9053571428571431,0.09151773615942448,0.7916666666666667,1.0
Logistic Regression,SHAP,93,366,0.38666501969639056,0.38194598398049995,0.01776491061291478,0.0,0.9011904761904763,0.058937589497555044,0.9666666666666666,0.1,0.9586309523809522,0.06065809140822006,0.7738095238095238,1.0
Logistic Regression,SHAP,94,402,0.6022179547526154,0.5892674992979354,0.02759733079632745,0.0,0.9726190476190476,0.017292665531349928,0.9166666666666667,0.14433756729740646,0.9514880952380954,0.07315074187877366,0.8214285714285714,1.0
Logistic Regression,SHAP,95,88,0.8447267795209408,0.8543568045983794,0.018095112223527315,0.0,0.9630952380952381,0.03147453349143401,1.0,0.0,0.9907738095238094,0.007868633372858506,0.9761904761904762,1.0
Logistic Regression,SHAP,96,486,0.6095822243374003,0.6132432486194456,0.03129379327218008,0.0,0.980952380952381,0.02332847374079216,0.9833333333333332,0.0726483157256779,0.9869047619047618,0.04087686836521285,0.8095238095238095,1.0
Logistic Regression,SHAP,97,436,0.8210274845385354,0.8203720070707565,0.014951307864937684,0.0,0.9535714285714285,0.02763853991962832,1.0,0.0,0.9883928571428575,0.006909634979907083,0.9702380952380952,1.0
Logistic Regression,SHAP,98,399,0.864049539076547,0.8596405434253148,0.013711291756637194,0.0,0.9523809523809522,0.04761904761904761,0.8666666666666666,0.16329931618554522,0.9214285714285714,0.08604433809329837,0.7976190476190477,1.0
Logistic Regression,SHAP,99,488,0.16524987063624488,0.16600901573130392,0.012231575251885443,0.0,0.9488095238095239,0.06661349920732271,0.9,0.1527525231651947,0.9372023809523811,0.07823419240040905,0.8154761904761905,1.0
Logistic Regression,SHAP,100,615,0.16487178774012723,0.1600274515744754,0.01525436418017862,0.0,0.9523809523809523,0.04390259265377562,0.8666666666666666,0.1632993161855452,0.9214285714285715,0.08592071702745778,0.7916666666666667,1.0
Logistic Regression,SHAP,101,481,0.3435351274944871,0.3495298203644318,0.025604921839857096,0.0,0.9190476190476191,0.051837002516850576,0.7499999999999999,0.17873008824606013,0.8547619047619047,0.0991996029452225,0.6130952380952381,0.9940476190476191
Logistic Regression,SHAP,102,139,0.33310960944233253,0.3310636721506981,0.018156560548077277,0.0,0.9607142857142857,0.031293903400225975,1.0,0.0,0.9901785714285716,0.007823475850056489,0.9642857142857143,1.0
Logistic Regression,SHAP,103,570,0.16245345955949733,0.1568144864456063,0.012390958099799405,0.0,0.9130952380952383,0.0742593817797652,0.8666666666666666,0.1632993161855452,0.9116071428571428,0.09732233871716546,0.7678571428571428,1.0
Logistic Regression,SHAP,104,300,0.8322667071131215,0.8223554908313135,0.015039235375604133,0.0,0.9404761904761905,0.060468690948572795,0.9833333333333332,0.0726483157256779,0.9767857142857144,0.0411920244685618,0.8095238095238095,1.0
Logistic Regression,SHAP,105,736,0.2399270466593251,0.2371546847657348,0.02839521970779697,0.0,0.9071428571428573,0.09156611677633052,0.8166666666666667,0.16583123951777,0.8851190476190476,0.09640468546022443,0.7380952380952381,1.0
Logistic Regression,SHAP,106,445,0.9924687798220593,0.991671258389121,0.0010280385883149668,0.0,0.9976190476190476,0.007142857142857117,1.0,0.0,0.9994047619047619,0.0017857142857142792,0.9940476190476191,1.0
Logistic Regression,SHAP,107,447,0.21052100490916165,0.2166016364675011,0.01604558688903255,0.0,0.9642857142857144,0.01765761544546585,1.0,0.0,0.9910714285714286,0.00441440386136645,0.9821428571428572,1.0
Logistic Regression,SHAP,108,489,0.9317778372428299,0.9315411703793993,0.00557393858282359,0.0,0.9892857142857142,0.01592748590507098,0.95,0.11902380714238084,0.9723214285714287,0.06260690969632152,0.8214285714285714,1.0
Logistic Regression,SHAP,109,330,0.6190237144434361,0.6145680794353727,0.025647451219381633,0.0,0.9285714285714285,0.031943828249996996,1.0,0.0,0.982142857142857,0.007985957062499258,0.9761904761904762,1.0
Logistic Regression,SHAP,110,144,0.6109558375102266,0.6104179544958712,0.02250263994586805,0.0,0.9511904761904761,0.05505871942784368,0.9666666666666666,0.1,0.9711309523809524,0.054563401875827346,0.7976190476190477,1.0
Logistic Regression,SHAP,111,185,0.9565939347235923,0.9557990673583744,0.0038465716303202834,0.0,0.9571428571428571,0.039555351728181275,0.8666666666666666,0.16329931618554522,0.9226190476190477,0.09007586875250927,0.7976190476190477,1.0
Logistic Regression,SHAP,112,584,0.5628166943567082,0.5511406164216712,0.02515401087343455,0.1,0.9404761904761905,0.05455447255899807,0.8166666666666667,0.16583123951777,0.893452380952381,0.09001487972234687,0.7857142857142858,1.0
Logistic Regression,SHAP,113,164,0.4304065278318333,0.4192700698106675,0.02940362337948558,0.05,0.9,0.04164965639175214,1.0,0.0,0.975,0.01041241409793804,0.9523809523809524,0.9940476190476191
Logistic Regression,SHAP,114,309,0.497435468366625,0.5091991457204591,0.023645737890501912,0.65,0.9499999999999998,0.054241836904259565,0.95,0.11902380714238084,0.9625,0.06160354831933695,0.8035714285714286,1.0
Logistic Regression,SHAP,115,127,0.32260958295953357,0.32343027707918176,0.019789974982667526,0.0,0.8857142857142856,0.09147320339189782,0.85,0.16583123951777,0.8964285714285714,0.09256670083949406,0.7380952380952381,1.0
Logistic Regression,SHAP,116,763,0.5423452079942341,0.5301918809855732,0.020744115363604293,0.2,0.8916666666666668,0.06320744739265848,1.0,0.0,0.9729166666666668,0.015801861848164633,0.9404761904761905,0.9940476190476191
Logistic Regression,SHAP,117,310,0.16804620679684207,0.1634754830571246,0.013768844655262064,0.0,0.9880952380952381,0.02195129632688778,0.9833333333333332,0.0726483157256779,0.9886904761904762,0.03740539843658328,0.8273809523809523,1.0
Logistic Regression,SHAP,118,740,0.8518595457650266,0.851338331026662,0.013654645143123405,0.0,0.9404761904761905,0.027664166758624396,0.8833333333333332,0.1589898669028243,0.9267857142857142,0.08133444504091351,0.8095238095238095,1.0
Logistic Regression,SHAP,119,347,0.262202794045547,0.26645270796025755,0.023738340910196092,0.0,0.8988095238095237,0.0752452528240975,0.9,0.1527525231651947,0.9247023809523809,0.08144708349165766,0.7738095238095238,1.0
Logistic Regression,SHAP,120,247,0.8415724387911488,0.8430087752766703,0.01173455117455205,0.0,0.9869047619047621,0.014035507288751865,0.9666666666666666,0.1,0.9800595238095238,0.051005861730187486,0.8273809523809523,1.0
Logistic Regression,SHAP,121,6,0.13608760728386204,0.13794530596523324,0.010194563519031861,0.0,0.8833333333333334,0.08968956286589218,0.7499999999999999,0.17873008824606015,0.8458333333333334,0.10160803204900068,0.6071428571428572,1.0
Logistic Regression,SHAP,122,674,0.5610475545990353,0.5738177445720869,0.019666054412571042,0.0,0.9845238095238095,0.015567496226930945,1.0,0.0,0.9961309523809525,0.0038918740567327305,0.9880952380952381,1.0
Logistic Regression,SHAP,123,258,0.7628444265802687,0.7612208334519324,0.018825560142253117,0.0,0.9654761904761905,0.04420820149435031,0.9666666666666666,0.1,0.974702380952381,0.054126587736527426,0.8095238095238095,1.0
Logistic Regression,SHAP,124,198,0.48780835470517037,0.49499329009660353,0.01903103418893181,0.35,0.9047619047619049,0.06734350297014736,0.9333333333333333,0.13333333333333336,0.9428571428571428,0.07628342544571806,0.7797619047619048,1.0
Logistic Regression,SHAP,125,238,0.846978381994792,0.8413038566796281,0.012795371564914827,0.0,0.975,0.025505101530510155,1.0,0.0,0.9937500000000001,0.006376275382627537,0.9761904761904762,1.0
Logistic Regression,SHAP,126,417,0.7571005421344408,0.7529992119773927,0.019952032480864974,0.0,0.9226190476190477,0.08069813014324917,0.85,0.16583123951777,0.9056547619047619,0.08917205066713117,0.7678571428571428,1.0
Logistic Regression,SHAP,127,699,0.708754317292632,0.7020073432119288,0.015883839019491176,0.0,0.919047619047619,0.06834619092574916,0.9666666666666666,0.1,0.9630952380952381,0.059213476740218506,0.7857142857142858,1.0
Logistic Regression,SHAP,128,205,0.23354639757257564,0.2266802399814695,0.013479995994456224,0.0,0.8952380952380953,0.15159768933077716,0.95,0.11902380714238084,0.9488095238095239,0.08508782311073279,0.6904761904761905,1.0
Logistic Regression,SHAP,129,543,0.21400857778790322,0.21006159702648386,0.017681331205498124,0.0,0.9642857142857142,0.034090050150657976,0.9166666666666666,0.14433756729740646,0.9494047619047619,0.07762096477328534,0.7976190476190477,1.0
Logistic Regression,SHAP,130,554,0.21106424704645932,0.21742646222114756,0.019891974294266493,0.0,0.9690476190476189,0.03991203479581,1.0,0.0,0.9922619047619049,0.0099780086989525,0.9583333333333334,1.0
Logistic Regression,SHAP,131,244,0.6418157283994738,0.6417263473810836,0.029061563407143425,0.0,0.8797619047619047,0.08467458048611086,0.9833333333333332,0.0726483157256779,0.9616071428571431,0.040784670086430226,0.8095238095238095,1.0
Logistic Regression,SHAP,132,94,0.39120076800625947,0.38952850818156953,0.01474229606408752,0.0,0.9797619047619047,0.017292665531349904,0.95,0.11902380714238084,0.9699404761904763,0.06247093995612896,0.8154761904761905,1.0
Logistic Regression,SHAP,133,424,0.8767024371750137,0.8764767940127657,0.012960090920088119,0.0,0.9083333333333335,0.06745915031670088,1.0,0.0,0.9770833333333334,0.01686478757917523,0.9404761904761905,1.0
Logistic Regression,SHAP,134,212,0.9008898207852389,0.8988170870208515,0.009120848534528459,0.0,0.9476190476190475,0.05139769796410212,0.9666666666666666,0.1,0.9702380952380955,0.05847286519163243,0.7916666666666667,1.0
Logistic Regression,SHAP,135,697,0.1546423610770661,0.15208718449131958,0.013331962212331756,0.0,0.9702380952380952,0.029999055162747947,1.0,0.0,0.9925595238095241,0.007499763790686981,0.9761904761904762,1.0
Logistic Regression,SHAP,136,679,0.14910673465638613,0.14972754570564734,0.014379274274424977,0.0,0.9702380952380952,0.03271102777150971,0.8666666666666668,0.16329931618554522,0.9258928571428571,0.08789542574757199,0.8035714285714286,1.0
Logistic Regression,SHAP,137,589,0.06462071591314304,0.06586822043164245,0.004223434047713613,0.0,0.9916666666666668,0.0172926655313499,1.0,0.0,0.9979166666666668,0.004323166382837469,0.9821428571428572,1.0
Logistic Regression,SHAP,138,421,0.13354958038972645,0.13619726578286,0.012756324474569087,0.0,0.9785714285714289,0.018288442256829986,0.9666666666666666,0.1,0.9779761904761906,0.05040580784842764,0.8273809523809523,1.0
Logistic Regression,SHAP,139,734,0.23816247585071526,0.24388990460670526,0.020634281826106493,0.0,0.9845238095238095,0.01886068990208908,0.9833333333333334,0.0726483157256779,0.9877976190476192,0.039683903746396826,0.8154761904761905,1.0
Logistic Regression,SHAP,140,268,0.10284873873046978,0.10350764899859499,0.011976489836419352,0.0,0.9869047619047621,0.01761743879398655,0.9833333333333332,0.0726483157256779,0.9883928571428573,0.03977308618090557,0.8154761904761905,1.0
Logistic Regression,SHAP,141,635,0.5402067696305675,0.5514502236561196,0.023306881084947488,0.0,0.8428571428571431,0.13519113872931798,0.9,0.1527525231651947,0.9107142857142858,0.07022800573215536,0.7857142857142858,1.0
Logistic Regression,SHAP,142,87,0.3176774403046655,0.3247235317014595,0.017483740886454446,0.0,0.9607142857142856,0.0330558175640829,0.95,0.11902380714238084,0.9651785714285717,0.06411670353609582,0.8095238095238095,1.0
Logistic Regression,SHAP,143,75,0.006229938232738715,0.006410764754682945,0.0004092336200336756,0.0,0.9821428571428573,0.02482934954120734,0.95,0.11902380714238082,0.9705357142857143,0.06519080120097076,0.8154761904761905,1.0
Logistic Regression,SHAP,144,537,0.08189512081893352,0.08271300739376197,0.0064358853105384,0.0,0.9916666666666665,0.011356419064487406,1.0,0.0,0.9979166666666668,0.0028391047661218524,0.9940476190476191,1.0
Logistic Regression,SHAP,145,38,0.3000298993257171,0.316747176391157,0.02574738784704008,0.0,0.9738095238095236,0.04047619047619043,0.9333333333333332,0.13333333333333336,0.9601190476190476,0.07002844012473687,0.8154761904761905,1.0
Logistic Regression,SHAP,146,298,0.6462466928055417,0.6484654368981838,0.015709056214422694,0.0,0.9833333333333334,0.01524553389864961,0.9833333333333334,0.07264831572567791,0.9875,0.036928755641062155,0.8273809523809523,1.0
Logistic Regression,SHAP,147,115,0.7170375831907274,0.7177111399009738,0.01838565562993159,0.0,0.9273809523809524,0.08433916787646907,1.0,0.0,0.9818452380952382,0.02108479196911727,0.9345238095238095,1.0
Logistic Regression,SHAP,148,86,0.6679303452467528,0.6758812897681881,0.022935646393237325,0.0,0.9702380952380951,0.03356636233302781,0.9166666666666666,0.14433756729740646,0.9508928571428571,0.07965689160278974,0.8095238095238095,1.0
Logistic Regression,SHAP,149,32,0.0999944110228143,0.09685342240734605,0.00765773470275545,0.0,0.9976190476190474,0.0071428571428571175,1.0,0.0,0.999404761904762,0.0017857142857142796,0.9940476190476191,1.0
Logistic Regression,SHAP,150,637,0.2025273049420733,0.20047835384437568,0.019088066847276985,0.0,0.9416666666666668,0.04017746912068145,0.8833333333333332,0.1589898669028243,0.9270833333333334,0.08772192055469938,0.7976190476190477,1.0
Logistic Regression,SHAP,151,593,0.28469298621999006,0.2810672869846141,0.02154154261183205,0.0,0.9809523809523808,0.02451340509758805,0.9166666666666666,0.14433756729740646,0.9535714285714286,0.07707356529394617,0.8154761904761905,1.0
Logistic Regression,SHAP,152,425,0.8565860802051976,0.8610774020551062,0.014776340077105515,0.0,0.9607142857142857,0.04142788724120311,0.8833333333333332,0.1589898669028243,0.9318452380952381,0.08227376990442165,0.8154761904761905,1.0
Logistic Regression,SHAP,153,273,0.10036945782466689,0.1044639001107434,0.007175277869277052,0.0,0.9285714285714286,0.06818010030131595,1.0,0.0,0.9821428571428571,0.017045025075329002,0.9345238095238095,1.0
Logistic Regression,LIME,0,44,0.7146424160389637,0.705950449766608,0.016949480750399294,0.0,1.0,0.0,1.0,0.0,1.0,0.0,1.0,1.0
Logistic Regression,LIME,1,672,0.25108021980409934,0.24703048354961027,0.022675057408415085,0.0,1.0,0.0,1.0,0.0,1.0,0.0,1.0,1.0
Logistic Regression,LIME,2,700,0.4269449837296195,0.42411068169703564,0.016942981119596984,0.0,1.0,0.0,1.0,0.0,1.0,0.0,1.0,1.0
Logistic Regression,LIME,3,630,0.4435588335354884,0.4413134833208989,0.017320649408542756,0.0,1.0,0.0,1.0,0.0,1.0,0.0,1.0,1.0
Logistic Regression,LIME,4,81,0.012431945925142088,0.012587668742251788,0.001130609506047789,0.0,0.9988095238095237,0.005189165408976974,1.0,0.0,0.9997023809523811,0.0012972913522442437,0.9940476190476191,1.0
Logistic Regression,LIME,5,389,0.33697510042652523,0.3385625403848108,0.01899593087172599,0.0,1.0,0.0,1.0,0.0,1.0,0.0,1.0,1.0
Logistic Regression,LIME,6,387,0.6206784659651914,0.627198366759574,0.026576281525572815,0.0,1.0,0.0,1.0,0.0,1.0,0.0,1.0,1.0
Logistic Regression,LIME,7,408,0.9365487706799428,0.9364551355278525,0.004826516992363439,0.0,1.0,0.0,1.0,0.0,1.0,0.0,1.0,1.0
Logistic Regression,LIME,8,163,0.18788007776319873,0.1933758265669239,0.018148618667738682,0.0,1.0,0.0,1.0,0.0,1.0,0.0,1.0,1.0
Logistic Regression,LIME,9,335,0.8332795214630727,0.8386916039047888,0.013067218022412851,0.0,1.0,0.0,1.0,0.0,1.0,0.0,1.0,1.0
Logistic Regression,LIME,10,471,0.4019113421643898,0.40564970023271235,0.021201910280961203,0.0,1.0,0.0,1.0,0.0,1.0,0.0,1.0,1.0
Logistic Regression,LIME,11,78,0.6945232638894238,0.694619225520698,0.018677263623924068,0.0,1.0,0.0,1.0,0.0,1.0,0.0,1.0,1.0
Logistic Regression,LIME,12,307,0.22571646403431925,0.22369098433933515,0.018968605978058592,0.0,1.0,0.0,1.0,0.0,1.0,0.0,1.0,1.0
Logistic Regression,LIME,13,392,0.21103974982423315,0.20800895335858033,0.02006336881958448,0.0,1.0,0.0,1.0,0.0,1.0,0.0,1.0,1.0
Logistic Regression,LIME,14,678,0.42496733951017734,0.430475715929028,0.02167310331314138,0.0,1.0,0.0,1.0,0.0,1.0,0.0,1.0,1.0
Logistic Regression,LIME,15,116,0.49849409571483355,0.5076237549100632,0.020401250765084967,0.75,1.0,0.0,1.0,0.0,1.0,0.0,1.0,1.0
Logistic Regression,LIME,16,660,0.7965582744190133,0.7984220670577159,0.016052410833498267,0.0,1.0,0.0,1.0,0.0,1.0,0.0,1.0,1.0
Logistic Regression,LIME,17,742,0.18074879837404004,0.17526140783103725,0.012903225690268996,0.0,1.0,0.0,1.0,0.0,1.0,0.0,1.0,1.0
Logistic Regression,LIME,18,260,0.8324559101568259,0.8385703717355873,0.01495563411511568,0.0,1.0,0.0,1.0,0.0,1.0,0.0,1.0,1.0
Logistic Regression,LIME,19,533,0.3568523374303624,0.35296821111375476,0.02703560505404006,0.0,1.0,0.0,1.0,0.0,1.0,0.0,1.0,1.0
Logistic Regression,LIME,20,140,0.3199571238855704,0.3203750062932057,0.014961996913746955,0.0,1.0,0.0,1.0,0.0,1.0,0.0,1.0,1.0
Logistic Regression,LIME,21,13,0.8266821395173364,0.8378675627534765,0.01613437556245732,0.0,0.9809523809523807,0.009523809523809488,1.0,0.0,0.9952380952380955,0.0023809523809523725,0.9940476190476191,1.0
Logistic Regression,LIME,22,17,0.3115533025072294,0.3208792457171275,0.021223988026754157,0.0,1.0,0.0,1.0,0.0,1.0,0.0,1.0,1.0
Logistic Regression,LIME,23,245,0.9473494310146252,0.9478795621715775,0.004191648530683228,0.0,1.0,0.0,1.0,0.0,1.0,0.0,1.0,1.0
Logistic Regression,LIME,24,517,0.6779157665566052,0.6778724706603733,0.019739580803409002,0.0,1.0,0.0,1.0,0.0,1.0,0.0,1.0,1.0
Logistic Regression,LIME,25,62,0.056175440961258614,0.055803745242296324,0.004545218027886605,0.0,1.0,0.0,1.0,0.0,1.0,0.0,1.0,1.0
Logistic Regression,LIME,26,480,0.7170494269053758,0.7194032136493135,0.022767811035611863,0.0,1.0,0.0,1.0,0.0,1.0,0.0,1.0,1.0
Logistic Regression,LIME,27,629,0.11542115037733316,0.11435493935954111,0.010153678372993904,0.0,1.0,0.0,1.0,0.0,1.0,0.0,1.0,1.0
Logistic Regression,LIME,28,64,0.4907605376114161,0.48981398414282085,0.025461175188923012,0.35,1.0,0.0,1.0,0.0,1.0,0.0,1.0,1.0
Logistic Regression,LIME,29,3,0.09484136636054671,0.0963970972650096,0.007752617494807915,0.0,1.0,0.0,1.0,0.0,1.0,0.0,1.0,1.0
Logistic Regression,LIME,30,158,0.10942291626577658,0.1079924482549556,0.00868539133816324,0.0,1.0,0.0,1.0,0.0,1.0,0.0,1.0,1.0
Logistic Regression,LIME,31,83,0.10754315088083088,0.11204776693904699,0.011193983244836532,0.0,1.0,0.0,1.0,0.0,1.0,0.0,1.0,1.0
Logistic Regression,LIME,32,437,0.583625376694845,0.5885386264811248,0.018980210172448452,0.0,1.0,0.0,1.0,0.0,1.0,0.0,1.0,1.0
Logistic Regression,LIME,33,153,0.7055045722372986,0.7106478575274345,0.02070323686276245,0.0,1.0,0.0,1.0,0.0,1.0,0.0,1.0,1.0
Logistic Regression,LIME,34,469,0.8843938607475237,0.8874343114425409,0.010135791655798799,0.0,1.0,0.0,1.0,0.0,1.0,0.0,1.0,1.0
Logistic Regression,LIME,35,124,0.2382652509078847,0.23663625817941086,0.01520685860631638,0.0,1.0,0.0,1.0,0.0,1.0,0.0,1.0,1.0
Logistic Regression,LIME,36,305,0.4665849916135932,0.4760207460051431,0.026214487613824812,0.25,1.0,0.0,1.0,0.0,1.0,0.0,1.0,1.0
Logistic Regression,LIME,37,767,0.1480359413099105,0.15189802575688993,0.01098500038708072,0.0,1.0,0.0,1.0,0.0,1.0,0.0,1.0,1.0
Logistic Regression,LIME,38,746,0.7957159814443899,0.7966385804074495,0.018837403519290162,0.0,1.0,0.0,1.0,0.0,1.0,0.0,1.0,1.0
Logistic Regression,LIME,39,345,0.7231444602156797,0.7257907541335319,0.01682750126756687,0.0,1.0,0.0,1.0,0.0,1.0,0.0,1.0,1.0
Logistic Regression,LIME,40,745,0.4899629709541437,0.48354602164485244,0.026678995450027054,0.35,1.0,0.0,1.0,0.0,1.0,0.0,1.0,1.0
Logistic Regression,LIME,41,596,0.22724823320592938,0.22075890309870508,0.017209812744651113,0.0,1.0,0.0,1.0,0.0,1.0,0.0,1.0,1.0
Logistic Regression,LIME,42,279,0.21424623978321758,0.21631033442718423,0.011000026048554563,0.0,1.0,0.0,1.0,0.0,1.0,0.0,1.0,1.0
Logistic Regression,LIME,43,264,0.4363243250369715,0.436682154931675,0.02171974189524018,0.0,1.0,0.0,1.0,0.0,1.0,0.0,1.0,1.0
Logistic Regression,LIME,44,380,0.2847715614137666,0.2831992118026289,0.01924610048330528,0.0,1.0,0.0,1.0,0.0,1.0,0.0,1.0,1.0
Logistic Regression,LIME,45,560,0.5827146690690181,0.5821543782622487,0.018815424875205905,0.0,1.0,0.0,1.0,0.0,1.0,0.0,1.0,1.0
Logistic Regression,LIME,46,276,0.28806019386880927,0.28417521586602434,0.01237624614563955,0.0,1.0,0.0,1.0,0.0,1.0,0.0,1.0,1.0
Logistic Regression,LIME,47,501,0.2243943377622762,0.2192174180101077,0.01719547779147092,0.0,1.0,0.0,1.0,0.0,1.0,0.0,1.0,1.0
Logistic Regression,LIME,48,415,0.7096165654621704,0.7071108271938039,0.014391630430483238,0.0,1.0,0.0,1.0,0.0,1.0,0.0,1.0,1.0
Logistic Regression,LIME,49,535,0.5972131983968157,0.5977753902213173,0.02492622871349298,0.0,1.0,0.0,1.0,0.0,1.0,0.0,1.0,1.0
Logistic Regression,LIME,50,558,0.7435088780733001,0.7439219717904986,0.018410194239343897,0.0,1.0,0.0,1.0,0.0,1.0,0.0,1.0,1.0
Logistic Regression,LIME,51,484,0.8484816119023146,0.843701646296792,0.011977754760747621,0.0,1.0,0.0,1.0,0.0,1.0,0.0,1.0,1.0
Logistic Regression,LIME,52,428,0.5143100667144191,0.5245664855634437,0.021553222939582485,0.2,1.0,0.0,1.0,0.0,1.0,0.0,1.0,1.0
Logistic Regression,LIME,53,89,0.1483550563824903,0.1505485960490356,0.014257907142005708,0.0,1.0,0.0,1.0,0.0,1.0,0.0,1.0,1.0
Logistic Regression,LIME,54,756,0.6389533330401765,0.6337793418624718,0.020818506277545216,0.0,1.0,0.0,1.0,0.0,1.0,0.0,1.0,1.0
Logistic Regression,LIME,55,531,0.4894320591075687,0.4837712137815041,0.029775337709938354,0.4,1.0,0.0,1.0,0.0,1.0,0.0,1.0,1.0
Logistic Regression,LIME,56,712,0.8287924683647464,0.8291744729627348,0.009688438851947579,0.0,1.0,0.0,1.0,0.0,1.0,0.0,1.0,1.0
Logistic Regression,LIME,57,532,0.39183842610592434,0.3962761154656278,0.02233721379999659,0.0,1.0,0.0,1.0,0.0,1.0,0.0,1.0,1.0
Logistic Regression,LIME,58,355,0.8231887332927517,0.8225425478161481,0.013918319086530078,0.0,1.0,0.0,1.0,0.0,1.0,0.0,1.0,1.0
Logistic Regression,LIME,59,713,0.2666319382392118,0.27220556382400496,0.015728526654753848,0.0,1.0,0.0,1.0,0.0,1.0,0.0,1.0,1.0
Logistic Regression,LIME,60,440,0.8296640488953662,0.8299277155460654,0.012124850622612909,0.0,1.0,0.0,1.0,0.0,1.0,0.0,1.0,1.0
Logistic Regression,LIME,61,311,0.3578013179009573,0.3639559436729959,0.023388151942235185,0.0,1.0,0.0,1.0,0.0,1.0,0.0,1.0,1.0
Logistic Regression,LIME,62,494,0.017392862270370523,0.01832505969375595,0.0014967820667851398,0.0,1.0,0.0,1.0,0.0,1.0,0.0,1.0,1.0
Logistic Regression,LIME,63,235,0.8891276781265532,0.8909734745159174,0.006514077961899923,0.0,1.0,0.0,1.0,0.0,1.0,0.0,1.0,1.0
Logistic Regression,LIME,64,650,0.09667451417189538,0.0970734342417416,0.0054007972559614445,0.0,1.0,0.0,1.0,0.0,1.0,0.0,1.0,1.0
Logistic Regression,LIME,65,724,0.2948580824772912,0.28860663287623933,0.022476399094102956,0.0,1.0,0.0,1.0,0.0,1.0,0.0,1.0,1.0
Logistic Regression,LIME,66,332,0.939446190750245,0.9423666392951932,0.006068512823558442,0.0,1.0,0.0,1.0,0.0,1.0,0.0,1.0,1.0
Logistic Regression,LIME,67,418,0.05962738461839391,0.058289319608037314,0.0050886862394355255,0.0,1.0,0.0,1.0,0.0,1.0,0.0,1.0,1.0
Logistic Regression,LIME,68,410,0.4245834200801528,0.4236267747454273,0.02651880148758053,0.0,1.0,0.0,1.0,0.0,1.0,0.0,1.0,1.0
Logistic Regression,LIME,69,743,0.7645185723804039,0.7650590851612157,0.015168750895454153,0.0,1.0,0.0,1.0,0.0,1.0,0.0,1.0,1.0
Logistic Regression,LIME,70,419,0.31760223984581465,0.3207101359205028,0.023507695501611647,0.0,1.0,0.0,1.0,0.0,1.0,0.0,1.0,1.0
Logistic Regression,LIME,71,527,0.18979195507853466,0.19477068535738404,0.018765236354199653,0.0,1.0,0.0,1.0,0.0,1.0,0.0,1.0,1.0
Logistic Regression,LIME,72,351,0.46466201892216963,0.4787499716202214,0.029321312263005345,0.25,1.0,0.0,1.0,0.0,1.0,0.0,1.0,1.0
Logistic Regression,LIME,73,618,0.659962347960971,0.6602591924720553,0.027446553310535277,0.0,1.0,0.0,1.0,0.0,1.0,0.0,1.0,1.0
Logistic Regression,LIME,74,407,0.09634222925796307,0.09494180690128137,0.007247078254325455,0.0,1.0,0.0,1.0,0.0,1.0,0.0,1.0,1.0
Logistic Regression,LIME,75,243,0.5818604257128994,0.5872397041184491,0.01882716839992878,0.0,1.0,0.0,1.0,0.0,1.0,0.0,1.0,1.0
Logistic Regression,LIME,76,190,0.1395518773890205,0.1489193970803274,0.013622895222415035,0.0,1.0,0.0,1.0,0.0,1.0,0.0,1.0,1.0
Logistic Regression,LIME,77,187,0.5606921564570687,0.5615894427209117,0.023834444399812322,0.0,1.0,0.0,1.0,0.0,1.0,0.0,1.0,1.0
Logistic Regression,LIME,78,496,0.24484218308118066,0.2471440202368273,0.015221298725121239,0.0,1.0,0.0,1.0,0.0,1.0,0.0,1.0,1.0
Logistic Regression,LIME,79,441,0.15392514050277764,0.15264049282938136,0.011224944252134385,0.0,1.0,0.0,1.0,0.0,1.0,0.0,1.0,1.0
Logistic Regression,LIME,80,430,0.13926645869484597,0.13967522289190135,0.011972383994334207,0.0,1.0,0.0,1.0,0.0,1.0,0.0,1.0,1.0
Logistic Regression,LIME,81,698,0.4919831365579084,0.4927233535484893,0.02481277260552875,0.4,1.0,0.0,1.0,0.0,1.0,0.0,1.0,1.0
Logistic Regression,LIME,82,513,0.13865980868717312,0.14049123835339924,0.014235288274249785,0.0,1.0,0.0,1.0,0.0,1.0,0.0,1.0,1.0
Logistic Regression,LIME,83,304,0.38120242486843375,0.38198311064463264,0.02909631078024878,0.0,1.0,0.0,1.0,0.0,1.0,0.0,1.0,1.0
Logistic Regression,LIME,84,82,0.2616283460317787,0.26483612833544995,0.02307843751429033,0.0,1.0,0.0,1.0,0.0,1.0,0.0,1.0,1.0
Logistic Regression,LIME,85,563,0.26803936252713345,0.26924035817570013,0.023099283354455658,0.0,1.0,0.0,1.0,0.0,1.0,0.0,1.0,1.0
Logistic Regression,LIME,86,722,0.5576108736030642,0.5471817464962959,0.023718982789329733,0.05,1.0,0.0,1.0,0.0,1.0,0.0,1.0,1.0
Logistic Regression,LIME,87,199,0.5383953769915658,0.5445907414487474,0.032892536926014224,0.15,1.0,0.0,1.0,0.0,1.0,0.0,1.0,1.0
Logistic Regression,LIME,88,112,0.12261057469045013,0.12058094324180799,0.009718525079808138,0.0,1.0,0.0,1.0,0.0,1.0,0.0,1.0,1.0
Logistic Regression,LIME,89,162,0.407853225206163,0.4117772173261261,0.022540122428130468,0.0,1.0,0.0,1.0,0.0,1.0,0.0,1.0,1.0
Logistic Regression,LIME,90,24,0.8196674244042783,0.8220867261684391,0.013169138973838085,0.0,1.0,0.0,1.0,0.0,1.0,0.0,1.0,1.0
Logistic Regression,LIME,91,215,0.9270372803764718,0.9279713778012046,0.006563341609155382,0.0,1.0,0.0,1.0,0.0,1.0,0.0,1.0,1.0
Logistic Regression,LIME,92,42,0.2427484209738942,0.2390506540535407,0.01928792975032242,0.0,1.0,0.0,1.0,0.0,1.0,0.0,1.0,1.0
Logistic Regression,LIME,93,366,0.38666501969639056,0.38194598398049995,0.01776491061291478,0.0,1.0,0.0,1.0,0.0,1.0,0.0,1.0,1.0
Logistic Regression,LIME,94,402,0.6022179547526154,0.5892674992979354,0.02759733079632745,0.0,1.0,0.0,1.0,0.0,1.0,0.0,1.0,1.0
Logistic Regression,LIME,95,88,0.8447267795209408,0.8543568045983794,0.018095112223527315,0.0,1.0,0.0,1.0,0.0,1.0,0.0,1.0,1.0
Logistic Regression,LIME,96,486,0.6095822243374003,0.6132432486194456,0.03129379327218008,0.0,1.0,0.0,1.0,0.0,1.0,0.0,1.0,1.0
Logistic Regression,LIME,97,436,0.8210274845385354,0.8203720070707565,0.014951307864937684,0.0,1.0,0.0,1.0,0.0,1.0,0.0,1.0,1.0
Logistic Regression,LIME,98,399,0.864049539076547,0.8596405434253148,0.013711291756637194,0.0,1.0,0.0,1.0,0.0,1.0,0.0,1.0,1.0
Logistic Regression,LIME,99,488,0.16524987063624488,0.16600901573130392,0.012231575251885443,0.0,1.0,0.0,1.0,0.0,1.0,0.0,1.0,1.0
Logistic Regression,LIME,100,615,0.16487178774012723,0.1600274515744754,0.01525436418017862,0.0,1.0,0.0,1.0,0.0,1.0,0.0,1.0,1.0
Logistic Regression,LIME,101,481,0.3435351274944871,0.3495298203644318,0.025604921839857096,0.0,1.0,0.0,1.0,0.0,1.0,0.0,1.0,1.0
Logistic Regression,LIME,102,139,0.33310960944233253,0.3310636721506981,0.018156560548077277,0.0,1.0,0.0,1.0,0.0,1.0,0.0,1.0,1.0
Logistic Regression,LIME,103,570,0.16245345955949733,0.1568144864456063,0.012390958099799405,0.0,1.0,0.0,1.0,0.0,1.0,0.0,1.0,1.0
Logistic Regression,LIME,104,300,0.8322667071131215,0.8223554908313135,0.015039235375604133,0.0,1.0,0.0,1.0,0.0,1.0,0.0,1.0,1.0
Logistic Regression,LIME,105,736,0.2399270466593251,0.2371546847657348,0.02839521970779697,0.0,1.0,0.0,1.0,0.0,1.0,0.0,1.0,1.0
Logistic Regression,LIME,106,445,0.9924687798220593,0.991671258389121,0.0010280385883149668,0.0,0.9892857142857142,0.014035507288751865,1.0,0.0,0.9973214285714288,0.0035088768221879624,0.9880952380952381,1.0
Logistic Regression,LIME,107,447,0.21052100490916165,0.2166016364675011,0.01604558688903255,0.0,1.0,0.0,1.0,0.0,1.0,0.0,1.0,1.0
Logistic Regression,LIME,108,489,0.9317778372428299,0.9315411703793993,0.00557393858282359,0.0,1.0,0.0,1.0,0.0,1.0,0.0,1.0,1.0
Logistic Regression,LIME,109,330,0.6190237144434361,0.6145680794353727,0.025647451219381633,0.0,1.0,0.0,1.0,0.0,1.0,0.0,1.0,1.0
Logistic Regression,LIME,110,144,0.6109558375102266,0.6104179544958712,0.02250263994586805,0.0,1.0,0.0,1.0,0.0,1.0,0.0,1.0,1.0
Logistic Regression,LIME,111,185,0.9565939347235923,0.9557990673583744,0.0038465716303202834,0.0,1.0,0.0,1.0,0.0,1.0,0.0,1.0,1.0
Logistic Regression,LIME,112,584,0.5628166943567082,0.5511406164216712,0.02515401087343455,0.1,1.0,0.0,1.0,0.0,1.0,0.0,1.0,1.0
Logistic Regression,LIME,113,164,0.4304065278318333,0.4192700698106675,0.02940362337948558,0.05,1.0,0.0,1.0,0.0,1.0,0.0,1.0,1.0
Logistic Regression,LIME,114,309,0.497435468366625,0.5091991457204591,0.023645737890501912,0.65,1.0,0.0,1.0,0.0,1.0,0.0,1.0,1.0
Logistic Regression,LIME,115,127,0.32260958295953357,0.32343027707918176,0.019789974982667526,0.0,1.0,0.0,1.0,0.0,1.0,0.0,1.0,1.0
Logistic Regression,LIME,116,763,0.5423452079942341,0.5301918809855732,0.020744115363604293,0.2,1.0,0.0,1.0,0.0,1.0,0.0,1.0,1.0
Logistic Regression,LIME,117,310,0.16804620679684207,0.1634754830571246,0.013768844655262064,0.0,1.0,0.0,1.0,0.0,1.0,0.0,1.0,1.0
Logistic Regression,LIME,118,740,0.8518595457650266,0.851338331026662,0.013654645143123405,0.0,1.0,0.0,1.0,0.0,1.0,0.0,1.0,1.0
Logistic Regression,LIME,119,347,0.262202794045547,0.26645270796025755,0.023738340910196092,0.0,1.0,0.0,1.0,0.0,1.0,0.0,1.0,1.0
Logistic Regression,LIME,120,247,0.8415724387911488,0.8430087752766703,0.01173455117455205,0.0,0.9988095238095237,0.005189165408976974,1.0,0.0,0.9997023809523811,0.0012972913522442437,0.9940476190476191,1.0
Logistic Regression,LIME,121,6,0.13608760728386204,0.13794530596523324,0.010194563519031861,0.0,1.0,0.0,1.0,0.0,1.0,0.0,1.0,1.0
Logistic Regression,LIME,122,674,0.5610475545990353,0.5738177445720869,0.019666054412571042,0.0,1.0,0.0,1.0,0.0,1.0,0.0,1.0,1.0
Logistic Regression,LIME,123,258,0.7628444265802687,0.7612208334519324,0.018825560142253117,0.0,1.0,0.0,1.0,0.0,1.0,0.0,1.0,1.0
Logistic Regression,LIME,124,198,0.48780835470517037,0.49499329009660353,0.01903103418893181,0.35,1.0,0.0,1.0,0.0,1.0,0.0,1.0,1.0
Logistic Regression,LIME,125,238,0.846978381994792,0.8413038566796281,0.012795371564914827,0.0,1.0,0.0,1.0,0.0,1.0,0.0,1.0,1.0
Logistic Regression,LIME,126,417,0.7571005421344408,0.7529992119773927,0.019952032480864974,0.0,1.0,0.0,1.0,0.0,1.0,0.0,1.0,1.0
Logistic Regression,LIME,127,699,0.708754317292632,0.7020073432119288,0.015883839019491176,0.0,1.0,0.0,1.0,0.0,1.0,0.0,1.0,1.0
Logistic Regression,LIME,128,205,0.23354639757257564,0.2266802399814695,0.013479995994456224,0.0,1.0,0.0,1.0,0.0,1.0,0.0,1.0,1.0
Logistic Regression,LIME,129,543,0.21400857778790322,0.21006159702648386,0.017681331205498124,0.0,1.0,0.0,1.0,0.0,1.0,0.0,1.0,1.0
Logistic Regression,LIME,130,554,0.21106424704645932,0.21742646222114756,0.019891974294266493,0.0,1.0,0.0,1.0,0.0,1.0,0.0,1.0,1.0
Logistic Regression,LIME,131,244,0.6418157283994738,0.6417263473810836,0.029061563407143425,0.0,1.0,0.0,1.0,0.0,1.0,0.0,1.0,1.0
Logistic Regression,LIME,132,94,0.39120076800625947,0.38952850818156953,0.01474229606408752,0.0,1.0,0.0,1.0,0.0,1.0,0.0,1.0,1.0
Logistic Regression,LIME,133,424,0.8767024371750137,0.8764767940127657,0.012960090920088119,0.0,1.0,0.0,1.0,0.0,1.0,0.0,1.0,1.0
Logistic Regression,LIME,134,212,0.9008898207852389,0.8988170870208515,0.009120848534528459,0.0,1.0,0.0,1.0,0.0,1.0,0.0,1.0,1.0
Logistic Regression,LIME,135,697,0.1546423610770661,0.15208718449131958,0.013331962212331756,0.0,1.0,0.0,1.0,0.0,1.0,0.0,1.0,1.0
Logistic Regression,LIME,136,679,0.14910673465638613,0.14972754570564734,0.014379274274424977,0.0,1.0,0.0,1.0,0.0,1.0,0.0,1.0,1.0
Logistic Regression,LIME,137,589,0.06462071591314304,0.06586822043164245,0.004223434047713613,0.0,0.9988095238095237,0.005189165408976974,1.0,0.0,0.9997023809523811,0.0012972913522442437,0.9940476190476191,1.0
Logistic Regression,LIME,138,421,0.13354958038972645,0.13619726578286,0.012756324474569087,0.0,1.0,0.0,1.0,0.0,1.0,0.0,1.0,1.0
Logistic Regression,LIME,139,734,0.23816247585071526,0.24388990460670526,0.020634281826106493,0.0,1.0,0.0,1.0,0.0,1.0,0.0,1.0,1.0
Logistic Regression,LIME,140,268,0.10284873873046978,0.10350764899859499,0.011976489836419352,0.0,1.0,0.0,1.0,0.0,1.0,0.0,1.0,1.0
Logistic Regression,LIME,141,635,0.5402067696305675,0.5514502236561196,0.023306881084947488,0.0,1.0,0.0,1.0,0.0,1.0,0.0,1.0,1.0
Logistic Regression,LIME,142,87,0.3176774403046655,0.3247235317014595,0.017483740886454446,0.0,1.0,0.0,1.0,0.0,1.0,0.0,1.0,1.0
Logistic Regression,LIME,143,75,0.006229938232738715,0.006410764754682945,0.0004092336200336756,0.0,1.0,0.0,1.0,0.0,1.0,0.0,1.0,1.0
Logistic Regression,LIME,144,537,0.08189512081893352,0.08271300739376197,0.0064358853105384,0.0,1.0,0.0,1.0,0.0,1.0,0.0,1.0,1.0
Logistic Regression,LIME,145,38,0.3000298993257171,0.316747176391157,0.02574738784704008,0.0,1.0,0.0,1.0,0.0,1.0,0.0,1.0,1.0
Logistic Regression,LIME,146,298,0.6462466928055417,0.6484654368981838,0.015709056214422694,0.0,1.0,0.0,1.0,0.0,1.0,0.0,1.0,1.0
Logistic Regression,LIME,147,115,0.7170375831907274,0.7177111399009738,0.01838565562993159,0.0,1.0,0.0,1.0,0.0,1.0,0.0,1.0,1.0
Logistic Regression,LIME,148,86,0.6679303452467528,0.6758812897681881,0.022935646393237325,0.0,1.0,0.0,1.0,0.0,1.0,0.0,1.0,1.0
Logistic Regression,LIME,149,32,0.0999944110228143,0.09685342240734605,0.00765773470275545,0.0,1.0,0.0,1.0,0.0,1.0,0.0,1.0,1.0
Logistic Regression,LIME,150,637,0.2025273049420733,0.20047835384437568,0.019088066847276985,0.0,1.0,0.0,1.0,0.0,1.0,0.0,1.0,1.0
Logistic Regression,LIME,151,593,0.28469298621999006,0.2810672869846141,0.02154154261183205,0.0,1.0,0.0,1.0,0.0,1.0,0.0,1.0,1.0
Logistic Regression,LIME,152,425,0.8565860802051976,0.8610774020551062,0.014776340077105515,0.0,1.0,0.0,1.0,0.0,1.0,0.0,1.0,1.0
Logistic Regression,LIME,153,273,0.10036945782466689,0.1044639001107434,0.007175277869277052,0.0,1.0,0.0,1.0,0.0,1.0,0.0,1.0,1.0
Random Forest,SHAP,0,44,0.7706221365228292,0.7568566139262172,0.0348053635772061,0.0,0.9547619047619047,0.04447986117206998,1.0,0.0,0.9886904761904762,0.011119965293017491,0.9583333333333334,1.0
Random Forest,SHAP,1,672,0.23526646180118121,0.22794051884519684,0.010686904280938887,0.0,0.982142857142857,0.021128856368212868,0.8333333333333333,0.16666666666666669,0.912202380952381,0.08727650027355591,0.8154761904761905,1.0
Random Forest,SHAP,2,700,0.16311688045389472,0.22803822938613774,0.06591195042779704,0.0,0.8988095238095237,0.10671209704306628,0.9833333333333332,0.0726483157256779,0.9663690476190476,0.05994715525279322,0.7142857142857143,1.0
Random Forest,SHAP,3,630,0.3775807366413641,0.3532628288834912,0.11838055235315088,0.25,0.8988095238095237,0.0848083740998512,0.95,0.11902380714238082,0.949702380952381,0.07418956976492559,0.75,0.9940476190476191
Random Forest,SHAP,4,81,0.051401343364493986,0.05420722767002996,0.003353815493394286,0.0,0.995238095238095,0.016148404721726798,1.0,0.0,0.9988095238095239,0.0040371011804316926,0.9821428571428572,1.0
Random Forest,SHAP,5,389,0.3788556584358506,0.3541614516246962,0.04891443366858754,0.0,0.8607142857142858,0.13368893905743978,0.85,0.16583123951777,0.8901785714285715,0.11308701411201458,0.7559523809523809,1.0
Random Forest,SHAP,6,387,0.44810789868437223,0.47672632144094607,0.03795081435668227,0.2,0.9416666666666667,0.037248780588480974,0.8166666666666667,0.16583123951777,0.8937500000000002,0.08752783408929306,0.8035714285714286,1.0
Random Forest,SHAP,7,408,0.6990163400951762,0.7131315780936037,0.01674069053555219,0.0,0.9464285714285715,0.04694462893602464,0.9333333333333333,0.13333333333333336,0.9532738095238095,0.07332006972662092,0.8035714285714286,1.0
Random Forest,SHAP,8,163,0.06502733813889394,0.06355286935340021,0.016496274766836266,0.0,0.9083333333333332,0.06870811443099083,0.7999999999999999,0.16329931618554525,0.8770833333333335,0.09500110021441914,0.7797619047619048,1.0
Random Forest,SHAP,9,335,0.8443797407991219,0.8439185675151805,0.01805379881030502,0.0,0.9583333333333336,0.06686831747611245,0.9666666666666666,0.1,0.9729166666666668,0.06261256869433965,0.7559523809523809,1.0
Random Forest,SHAP,10,471,0.5742223221714582,0.5541115763831318,0.02574781462161786,0.15,0.9583333333333333,0.047544584637418695,0.9333333333333333,0.13333333333333333,0.9562500000000002,0.07468459283566778,0.7857142857142858,1.0
Random Forest,SHAP,11,78,0.625802132551766,0.6117886738092186,0.05970662410925405,0.15,0.9071428571428573,0.07563038178223139,0.8666666666666666,0.1632993161855452,0.9101190476190476,0.09636424956437066,0.7619047619047619,1.0
Random Forest,SHAP,12,307,0.1220501002375057,0.11977008624425241,0.010994680065188514,0.0,0.9869047619047617,0.01592748590507098,0.9333333333333333,0.13333333333333333,0.9633928571428572,0.06883369467546936,0.8214285714285714,1.0
Random Forest,SHAP,13,392,0.12447472059813403,0.12056856191124485,0.03773184080188948,0.0,0.9273809523809524,0.034891311642268684,0.7,0.10000000000000002,0.8318452380952381,0.05551612475407258,0.8035714285714286,1.0
Random Forest,SHAP,14,678,0.2490795827548872,0.23005499691538617,0.02356395402383764,0.0,0.9797619047619047,0.03218691865379945,0.9833333333333332,0.0726483157256779,0.9866071428571429,0.04353282670736862,0.7976190476190477,1.0
Random Forest,SHAP,15,116,0.5007804827775802,0.5268592651280183,0.03885170556083947,0.25,0.8738095238095239,0.11271238455756784,0.7333333333333332,0.13333333333333336,0.8351190476190476,0.07968413052544635,0.7083333333333333,1.0
Random Forest,SHAP,16,660,0.7802486525370337,0.7630615137658722,0.01951065715661226,0.0,0.930952380952381,0.04318656463623105,0.95,0.11902380714238082,0.9577380952380953,0.06544642180428298,0.7916666666666667,1.0
Random Forest,SHAP,17,742,0.05099916350002751,0.04847526627038292,0.011114682399417205,0.0,0.9154761904761906,0.1302959739068193,0.8833333333333332,0.1589898669028243,0.9205357142857145,0.10232686486569709,0.7321428571428572,1.0
Random Forest,SHAP,18,260,0.8214398246445501,0.8343253776028599,0.014424676083532118,0.0,0.9035714285714285,0.10897247358851682,0.8166666666666667,0.16583123951777,0.8842261904761906,0.10217440058508118,0.7440476190476191,1.0
Random Forest,SHAP,19,533,0.3397753447449288,0.30867500482284155,0.054361549369372264,0.0,0.7845238095238096,0.1745540154461937,0.7333333333333332,0.13333333333333336,0.8127976190476189,0.0945937091614721,0.6904761904761905,0.9940476190476191
Random Forest,SHAP,20,140,0.3208547856233984,0.3039080767380295,0.02321606225561812,0.0,0.5654761904761907,0.2246028240504304,0.6833333333333332,0.07264831572567791,0.7330357142857143,0.07800288074655902,0.6369047619047619,0.9880952380952381
Random Forest,SHAP,21,13,0.7823732408839028,0.760568134345584,0.042384817545957285,0.0,0.8928571428571429,0.09297916280841256,0.7333333333333332,0.13333333333333336,0.8398809523809525,0.06699800738228921,0.7797619047619048,0.9940476190476191
Random Forest,SHAP,22,17,0.4552019718432563,0.4790214799145768,0.054797210661504316,0.4,0.7714285714285716,0.1263027353321414,0.7999999999999999,0.16329931618554525,0.8428571428571429,0.10683487481244351,0.7023809523809523,0.9880952380952381
Random Forest,SHAP,23,245,0.8414773162590166,0.8218443999136902,0.030900028110242124,0.0,0.9678571428571429,0.024134684443706263,0.8833333333333334,0.1589898669028243,0.9336309523809524,0.08310502313106301,0.8154761904761905,1.0
Random Forest,SHAP,24,517,0.6152705477235568,0.6122535060063211,0.032058022546314235,0.0,0.8571428571428571,0.1085881357237274,0.7999999999999999,0.16329931618554525,0.8642857142857144,0.10236710869859839,0.7380952380952381,1.0
Random Forest,SHAP,25,62,0.0641827886991057,0.06367668664761016,0.006564603884029222,0.0,0.9130952380952383,0.08393490350986817,1.0,0.0,0.9782738095238097,0.020983725877467045,0.9404761904761905,1.0
Random Forest,SHAP,26,480,0.7696467732727228,0.730571106140016,0.08487863272427645,0.0,0.879761904761905,0.1536544626021354,0.95,0.11902380714238084,0.9449404761904763,0.09575519958884383,0.6845238095238095,1.0
Random Forest,SHAP,27,629,0.022464810226457247,0.024078219149252147,0.004073867462070221,0.0,0.9904761904761905,0.02542161488578882,1.0,0.0,0.9976190476190476,0.006355403721447206,0.9761904761904762,1.0
Random Forest,SHAP,28,64,0.6313505199429709,0.6126781062422612,0.038129331255783674,0.0,0.9630952380952381,0.026593223694867454,0.9833333333333334,0.07264831572567791,0.9824404761904763,0.04130261881360161,0.8035714285714286,1.0
Random Forest,SHAP,29,3,0.024320060430759256,0.024005109602038027,0.005159838090007996,0.0,0.980952380952381,0.020756661635907957,0.9333333333333332,0.13333333333333336,0.9619047619047618,0.06963013721852267,0.8095238095238095,1.0
Random Forest,SHAP,30,158,0.0427685672746858,0.043922305026430214,0.007589333533743482,0.0,0.8869047619047621,0.06427469041282427,0.9166666666666666,0.14433756729740646,0.930059523809524,0.0747699372011927,0.7678571428571428,0.9821428571428572
Random Forest,SHAP,31,83,0.01609295005342181,0.022818269723359853,0.008920638822395539,0.0,0.9857142857142858,0.0174963553055941,1.0,0.0,0.9964285714285716,0.004374088826398517,0.9880952380952381,1.0
Random Forest,SHAP,32,437,0.5668825459191442,0.5889177146637348,0.0508385231087346,0.05,0.742857142857143,0.18892223261787974,0.7999999999999998,0.16329931618554525,0.8357142857142857,0.11661806567865197,0.6726190476190477,1.0
Random Forest,SHAP,33,153,0.5361149801140555,0.5768867746646945,0.04963937428530636,0.0,0.9083333333333334,0.0653244996110426,0.9666666666666666,0.1,0.9604166666666669,0.060739811394246335,0.7738095238095238,0.9940476190476191
Random Forest,SHAP,34,469,0.730449897336407,0.7851655884060742,0.05815704854460779,0.0,0.8654761904761907,0.1460506155855742,0.8666666666666666,0.16329931618554522,0.899702380952381,0.10608397058553544,0.7083333333333333,1.0
Random Forest,SHAP,35,124,0.19579859275479594,0.19575117684369375,0.017294412439950453,0.0,0.9130952380952382,0.06703765821571943,0.9,0.1527525231651947,0.9282738095238094,0.07368641326594748,0.8035714285714286,1.0
Random Forest,SHAP,36,305,0.3314193854121509,0.32165713858491346,0.039998725059506995,0.0,0.9023809523809525,0.09340497736158586,0.9,0.1527525231651947,0.9255952380952381,0.09380431155449706,0.7619047619047619,0.9940476190476191
Random Forest,SHAP,37,767,0.07930783360212129,0.08802057516749502,0.01763641910863358,0.0,0.9440476190476191,0.061295074580266645,0.8833333333333334,0.1589898669028243,0.9276785714285716,0.08775018896427124,0.7797619047619048,1.0
Random Forest,SHAP,38,746,0.7037070212233645,0.6996956624133162,0.013507076213658608,0.0,0.925,0.09412293548400934,0.9333333333333333,0.13333333333333333,0.9479166666666667,0.08670629245212627,0.7380952380952381,1.0
Random Forest,SHAP,39,345,0.6468934737295678,0.6534434236232344,0.0586194305175209,0.0,0.6559523809523811,0.15010861524869948,0.6999999999999998,0.1,0.7639880952380952,0.07798016620180852,0.6726190476190477,0.9821428571428572
Random Forest,SHAP,40,745,0.5530676465683917,0.5468972077347436,0.03034394249802802,0.05,0.7988095238095239,0.11380728230508332,1.0,0.0,0.9497023809523808,0.028451820576270836,0.8809523809523809,0.9880952380952381
Random Forest,SHAP,41,596,0.35515270246573205,0.3619149281735077,0.018381695410212416,0.0,0.917857142857143,0.060456971074260075,0.9666666666666666,0.1,0.9627976190476192,0.049403865453714335,0.8214285714285714,0.9940476190476191
Random Forest,SHAP,42,279,0.1143018881448683,0.10762483517038708,0.011686597819584704,0.0,0.9797619047619047,0.04003612314476244,1.0,0.0,0.9949404761904763,0.010009030786190611,0.9583333333333334,1.0
Random Forest,SHAP,43,264,0.5564216740389948,0.5563796182151187,0.024992248808067007,0.05,0.9238095238095237,0.07551786441501762,0.85,0.16583123951777,0.9059523809523811,0.09401370696608911,0.7678571428571428,1.0
Random Forest,SHAP,44,380,0.23876365213286008,0.23695208886911207,0.03321639681461701,0.0,0.9464285714285717,0.03183271894552604,1.0,0.0,0.9866071428571429,0.007958179736381516,0.9642857142857143,0.9940476190476191
Random Forest,SHAP,45,560,0.4687597003491146,0.4491175646074523,0.023936864335907717,0.0,0.9345238095238095,0.0721687836487032,0.7833333333333332,0.1589898669028243,0.8752976190476192,0.07920190318580715,0.7916666666666667,1.0
Random Forest,SHAP,46,276,0.11210280384395138,0.15288219817575677,0.053003972339476645,0.0,0.7666666666666667,0.13333333333333333,0.95,0.11902380714238084,0.9166666666666667,0.08654524461274209,0.6845238095238095,1.0
Random Forest,SHAP,47,501,0.1271548428489943,0.13205876720634105,0.03016468457621211,0.0,0.8666666666666668,0.15400915836948786,0.85,0.16583123951777,0.8916666666666666,0.1139317434996531,0.7142857142857143,1.0
Random Forest,SHAP,48,415,0.7088717771601232,0.7087672952926117,0.013865484715989806,0.0,0.9690476190476192,0.02006226136470559,0.8666666666666666,0.16329931618554522,0.9255952380952379,0.08513153421567025,0.8154761904761905,1.0
Random Forest,SHAP,49,535,0.47228199755854167,0.5149764135015236,0.08805312014928124,0.6,0.9166666666666666,0.06231548727763047,0.7833333333333332,0.1589898669028243,0.8708333333333333,0.09217738063719205,0.7678571428571428,1.0
Random Forest,SHAP,50,558,0.4536183207901131,0.46242241127383404,0.027441522903774974,0.15,0.9476190476190476,0.03333333333333333,1.0,0.0,0.9869047619047618,0.008333333333333337,0.9702380952380952,1.0
Random Forest,SHAP,51,484,0.7867417996991796,0.7697600584416485,0.016981741257531068,0.0,0.9297619047619049,0.10472807895470036,0.9166666666666667,0.14433756729740646,0.9407738095238096,0.09218458741891929,0.7202380952380952,1.0
Random Forest,SHAP,52,428,0.5843771253412099,0.5978254137421707,0.02310277758917197,0.0,0.9464285714285715,0.09124827212354696,0.9333333333333332,0.13333333333333336,0.9532738095238095,0.08276324985892523,0.7440476190476191,1.0
Random Forest,SHAP,53,89,0.0182206358744924,0.023613630927902907,0.010063502376074682,0.0,0.9690476190476192,0.04331763190157199,0.9833333333333332,0.0726483157256779,0.9839285714285715,0.04584106304640512,0.7857142857142858,1.0
Random Forest,SHAP,54,756,0.670191604973334,0.6795669369647716,0.018231681307420387,0.0,0.9333333333333333,0.07087083841017719,0.95,0.11902380714238084,0.9583333333333336,0.0707557598434248,0.7916666666666667,1.0
Random Forest,SHAP,55,531,0.3939729721371352,0.39826594100843743,0.041466986167830275,0.0,0.9642857142857142,0.01765761544546585,1.0,0.0,0.9910714285714286,0.00441440386136645,0.9821428571428572,1.0
Random Forest,SHAP,56,712,0.733897112429058,0.7126924595806226,0.037235399631250485,0.0,0.930952380952381,0.04873687973918741,0.8333333333333333,0.16666666666666669,0.899404761904762,0.08880625233346322,0.7916666666666667,1.0
Random Forest,SHAP,57,532,0.3607639807424199,0.3615153628545006,0.01222546746152777,0.0,0.975,0.04087686836521283,1.0,0.0,0.99375,0.01021921709130321,0.9642857142857143,1.0
Random Forest,SHAP,58,355,0.8526297825954193,0.8404350323188094,0.03213645750540309,0.0,0.9452380952380952,0.043967107887189015,0.95,0.11902380714238084,0.9613095238095241,0.06379053111089789,0.8095238095238095,1.0
Random Forest,SHAP,59,713,0.201795376391476,0.19078102046321918,0.018559554967106894,0.0,0.930952380952381,0.08548249081436304,0.9833333333333332,0.0726483157256779,0.9744047619047619,0.054557719752391584,0.7440476190476191,1.0
Random Forest,SHAP,60,440,0.8576049607975813,0.8524001570576217,0.0090221704492638,0.0,0.9666666666666668,0.04844521416518047,1.0,0.0,0.9916666666666668,0.012111303541295117,0.9642857142857143,1.0
Random Forest,SHAP,61,311,0.32653324800281214,0.33949841518492396,0.021649915962387394,0.0,0.9654761904761904,0.02317609801658542,0.95,0.11902380714238084,0.9663690476190478,0.06353382493153423,0.8154761904761905,1.0
Random Forest,SHAP,62,494,0.06432234576744648,0.06406619708838965,0.003192517542795812,0.0,1.0,0.0,1.0,0.0,1.0,0.0,1.0,1.0
Random Forest,SHAP,63,235,0.8800731418612916,0.8753159940964933,0.015702000955226676,0.0,0.9166666666666667,0.11230929919115003,0.9666666666666666,0.1,0.9625000000000001,0.07463298332203051,0.7321428571428572,1.0
Random Forest,SHAP,64,650,0.009470166550666851,0.010084385223240826,0.002707113677819737,0.0,0.9690476190476189,0.028272243064375965,1.0,0.0,0.9922619047619049,0.007068060766093986,0.9761904761904762,1.0
Random Forest,SHAP,65,724,0.5038038240095261,0.4652934001303076,0.04137723918715587,0.85,0.9250000000000002,0.0699347768701167,0.95,0.11902380714238082,0.95625,0.06995693828553186,0.7738095238095238,1.0
Random Forest,SHAP,66,332,0.8725561778235518,0.8685563895523136,0.013008479319865946,0.0,0.9607142857142857,0.0644508461125674,1.0,0.0,0.9901785714285717,0.016112711528141855,0.9404761904761905,1.0
Random Forest,SHAP,67,418,0.03495999672379615,0.03847289158817238,0.01036849842002412,0.0,0.8976190476190478,0.1595593421692048,0.9333333333333333,0.13333333333333333,0.9410714285714287,0.10139859550342908,0.7083333333333333,1.0
Random Forest,SHAP,68,410,0.43796696507219146,0.433927856241527,0.03913130684134466,0.1,0.8404761904761905,0.10298823216134362,0.8333333333333333,0.1666666666666667,0.8767857142857143,0.07432376543773557,0.7857142857142858,1.0
Random Forest,SHAP,69,743,0.7627982706777439,0.7611659481733262,0.007771565882727744,0.0,0.9761904761904759,0.019920476822239862,1.0,0.0,0.9940476190476193,0.004980119205559956,0.9821428571428572,1.0
Random Forest,SHAP,70,419,0.1411593543409136,0.1555211776643796,0.042545998802354115,0.0,0.7130952380952381,0.1964069252142318,0.7833333333333332,0.1589898669028243,0.8199404761904763,0.12374476041955278,0.6547619047619048,1.0
Random Forest,SHAP,71,527,0.04538725659334133,0.05478993575668643,0.012923464805562699,0.0,0.9702380952380952,0.04872233792781216,0.9833333333333332,0.0726483157256779,0.9842261904761905,0.046232606890692356,0.7857142857142858,1.0
Random Forest,SHAP,72,351,0.5203827248530303,0.5303721815908033,0.02070791604222228,0.1,0.8250000000000002,0.12006116166222336,1.0,0.0,0.95625,0.030015290415555836,0.9166666666666667,0.9940476190476191
Random Forest,SHAP,73,618,0.6490415046781745,0.6267644733002591,0.04625124642606088,0.1,0.9,0.1343920551587627,0.8666666666666666,0.24494897427831783,0.9083333333333334,0.1542964612659139,0.5476190476190477,1.0
Random Forest,SHAP,74,407,0.017722475432712655,0.022522712362648724,0.006741017044606437,0.0,0.9785714285714284,0.016666666666666642,1.0,0.0,0.9946428571428573,0.004166666666666652,0.9880952380952381,1.0
Random Forest,SHAP,75,243,0.27946222582691377,0.2882970074116488,0.055903274817177454,0.0,0.9797619047619047,0.017292665531349904,0.9833333333333332,0.0726483157256779,0.986607142857143,0.03810802426793395,0.8214285714285714,1.0
Random Forest,SHAP,76,190,0.07858033325745199,0.06642551584771655,0.013299666063343,0.0,0.975,0.028645736703609384,1.0,0.0,0.9937500000000001,0.007161434175902334,0.9821428571428572,1.0
Random Forest,SHAP,77,187,0.6353548640375103,0.6154085047302367,0.038788380681323606,0.0,0.8571428571428571,0.06116777418411963,0.7666666666666665,0.1527525231651947,0.8476190476190476,0.08342681831165227,0.75,0.9761904761904762
Random Forest,SHAP,78,496,0.09107772771905402,0.11974041335492289,0.040233368979607706,0.0,0.811904761904762,0.11661806567865197,0.7666666666666665,0.1527525231651947,0.8363095238095237,0.09006603460555572,0.7202380952380952,0.9880952380952381
Random Forest,SHAP,79,441,0.046962278765183885,0.05373961111409117,0.012101110466377532,0.0,0.930952380952381,0.09900296612519899,0.9166666666666666,0.14433756729740646,0.9410714285714287,0.08520225703098835,0.7202380952380952,1.0
Random Forest,SHAP,80,430,0.04037882898356936,0.04187161005912054,0.004744820246736126,0.0,0.9928571428571429,0.013256581816261928,1.0,0.0,0.9982142857142857,0.0033141454540654776,0.9880952380952381,1.0
Random Forest,SHAP,81,698,0.49633756661675366,0.4874160425989764,0.06406619421569751,0.4,0.8250000000000002,0.11021392309294416,0.7999999999999999,0.16329931618554525,0.85625,0.10618411989838268,0.75,1.0
Random Forest,SHAP,82,513,0.04310488187860017,0.038514500435346925,0.015003000790704449,0.0,0.9452380952380952,0.030210898905832204,1.0,0.0,0.9863095238095237,0.007552724726458059,0.9761904761904762,1.0
Random Forest,SHAP,83,304,0.4365805285763197,0.4607397284355432,0.061407273847838464,0.25,0.9678571428571431,0.04003612314476245,0.9166666666666666,0.14433756729740646,0.9502976190476191,0.07699710197891821,0.8095238095238095,1.0
Random Forest,SHAP,84,82,0.36771971255612196,0.37082054782707313,0.019265866624163443,0.0,0.963095238095238,0.06275740644331998,0.9333333333333333,0.13333333333333333,0.9574404761904762,0.07655870374456206,0.7619047619047619,1.0
Random Forest,SHAP,85,563,0.10180345396872459,0.13392985270968005,0.0699140525044494,0.0,0.9011904761904763,0.08083850533983314,0.9,0.1527525231651947,0.9252976190476192,0.08853804014181811,0.7440476190476191,0.9940476190476191
Random Forest,SHAP,86,722,0.4903096323474936,0.5222252597242011,0.045804218955431894,0.6,0.8654761904761905,0.12981650227547553,0.9666666666666666,0.1,0.9497023809523808,0.07748333428445585,0.6666666666666667,0.9940476190476191
Random Forest,SHAP,87,199,0.45001212041049454,0.4630318807113323,0.015477381756875932,0.05,0.9011904761904761,0.08692106826796099,0.9,0.1527525231651947,0.9252976190476192,0.09272111144072165,0.7559523809523809,1.0
Random Forest,SHAP,88,112,0.10005536600961099,0.10445403853297679,0.02118743289630451,0.0,0.913095238095238,0.06311769591338838,1.0,0.0,0.9782738095238097,0.01577942397834711,0.9404761904761905,0.9940476190476191
Random Forest,SHAP,89,162,0.2930485346926291,0.3599987495293117,0.07223814252764235,0.0,0.8892857142857142,0.09321512193263547,0.8166666666666667,0.16583123951777004,0.8806547619047619,0.09376606060465159,0.75,1.0
Random Forest,SHAP,90,24,0.7900581456446653,0.7806532002707918,0.016225961501706132,0.0,0.9488095238095238,0.02743266338524502,0.9333333333333332,0.13333333333333336,0.9538690476190477,0.07159887930785364,0.8095238095238095,1.0
Random Forest,SHAP,91,215,0.723954271822297,0.7418586107647653,0.025766100763377413,0.0,0.9559523809523807,0.026379190245428973,1.0,0.0,0.9889880952380954,0.006594797561357242,0.9761904761904762,1.0
Random Forest,SHAP,92,42,0.15421952148634177,0.16415938465776414,0.01667974827414049,0.0,0.9666666666666668,0.03719166512336498,1.0,0.0,0.9916666666666668,0.009297916280841239,0.9642857142857143,1.0
Random Forest,SHAP,93,366,0.3672805589870621,0.32978368487947873,0.06554909402833191,0.0,0.7833333333333334,0.15683591957499482,0.7166666666666666,0.19075871903765992,0.8041666666666668,0.12340105467452288,0.5416666666666666,0.9880952380952381
Random Forest,SHAP,94,402,0.5371669884857627,0.5664498757790821,0.03580567849175954,0.0,0.894047619047619,0.0879583879145994,0.85,0.16583123951777,0.8985119047619049,0.10260694534204935,0.7619047619047619,1.0
Random Forest,SHAP,95,88,0.6177328098408751,0.6313619927562608,0.019742354280197032,0.0,0.9630952380952383,0.0422409404743099,0.9666666666666666,0.1,0.9741071428571428,0.0519692628391567,0.8154761904761905,1.0
Random Forest,SHAP,96,486,0.6134840804859168,0.6095273518736907,0.013340004309300579,0.0,0.9095238095238096,0.06098213559459854,1.0,0.0,0.9773809523809526,0.015245533898649646,0.9404761904761905,0.9940476190476191
Random Forest,SHAP,97,436,0.7148939507163719,0.7189848315849744,0.019372960439184184,0.0,0.9345238095238096,0.05826040144401026,0.9833333333333332,0.0726483157256779,0.9752976190476188,0.048477200557817936,0.7678571428571428,1.0
Random Forest,SHAP,98,399,0.7186012304052114,0.7014069001554875,0.022045535212932295,0.0,0.9845238095238097,0.015567496226930945,1.0,0.0,0.9961309523809524,0.0038918740567327305,0.9880952380952381,1.0
Random Forest,SHAP,99,488,0.022644048391095926,0.03079269153749009,0.010209090675069015,0.0,0.8261904761904763,0.15340060636042488,0.8166666666666667,0.16583123951777,0.8648809523809525,0.0710081875449071,0.7380952380952381,1.0
Random Forest,SHAP,100,615,0.038580913415239323,0.05685140722272458,0.025526864864902826,0.0,0.9511904761904763,0.04609157305382365,0.9333333333333333,0.13333333333333333,0.9544642857142858,0.07449458863452878,0.7916666666666667,1.0
Random Forest,SHAP,101,481,0.38113650057659226,0.3959192824929625,0.04916596184353098,0.05,0.7714285714285716,0.14838510905602745,0.9166666666666666,0.14433756729740646,0.9011904761904761,0.10224243120754233,0.7202380952380952,0.9880952380952381
Random Forest,SHAP,102,139,0.22057545438987844,0.22014369117265148,0.05053698996996314,0.0,0.7940476190476191,0.09996456288205106,0.85,0.16583123951777,0.8735119047619049,0.08436594496636676,0.7619047619047619,1.0
Random Forest,SHAP,103,570,0.28306665733948533,0.2758813924222609,0.01775537059467826,0.0,0.9297619047619048,0.04156450059546689,0.8666666666666666,0.16329931618554522,0.9157738095238095,0.08491849083111412,0.7976190476190477,1.0
Random Forest,SHAP,104,300,0.8644147893753298,0.8513189328430057,0.017252759103940807,0.0,0.9392857142857144,0.0555711429380181,0.9,0.1527525231651947,0.9348214285714287,0.08359811251517449,0.7916666666666667,1.0
Random Forest,SHAP,105,736,0.09410511846562963,0.13605130482406863,0.05298395954221778,0.0,0.8345238095238094,0.15104980332294451,0.8833333333333332,0.1589898669028243,0.9002976190476192,0.1093015829074634,0.7202380952380952,1.0
Random Forest,SHAP,106,445,0.7883702989099587,0.7845578801499083,0.013265758566538444,0.0,0.9166666666666667,0.05999811032549594,0.8166666666666667,0.16583123951777,0.8875,0.09240388461074817,0.7857142857142858,1.0
Random Forest,SHAP,107,447,0.17277666628639202,0.17592359929920637,0.0245982058099824,0.0,0.930952380952381,0.11316413941253471,0.8666666666666666,0.1632993161855452,0.9160714285714286,0.09711506079910372,0.7083333333333333,1.0
Random Forest,SHAP,108,489,0.6311333515444424,0.6366122300467465,0.010768763930073061,0.0,0.9785714285714284,0.03603034750100367,1.0,0.0,0.9946428571428573,0.009007586875250917,0.9583333333333334,1.0
Random Forest,SHAP,109,330,0.2088263183438083,0.20047698274519093,0.015960032191553248,0.0,0.9797619047619047,0.02293019081459308,1.0,0.0,0.9949404761904763,0.0057325477036482605,0.9821428571428572,1.0
Random Forest,SHAP,110,144,0.4531478387175312,0.49967605904499723,0.06979636732118902,0.5,0.9714285714285712,0.020756661635907968,1.0,0.0,0.9928571428571431,0.005189165408976992,0.9761904761904762,1.0
Random Forest,SHAP,111,185,0.9151381186067348,0.8990238599541035,0.019187523238745747,0.0,0.9452380952380951,0.04708028555544091,1.0,0.0,0.9863095238095239,0.011770071388860229,0.9523809523809524,1.0
Random Forest,SHAP,112,584,0.6233793574463246,0.5993809194883439,0.05395406861581924,0.05,0.8702380952380955,0.10713624318210249,0.7666666666666666,0.18559214542766744,0.8508928571428571,0.11256887221636136,0.6071428571428572,0.9940476190476191
Random Forest,SHAP,113,164,0.6557596641067704,0.6182949544163643,0.04027554623482439,0.05,0.8297619047619047,0.13474486683477777,0.7666666666666665,0.18559214542766744,0.8407738095238095,0.11449439962439856,0.5535714285714286,0.9940476190476191
Random Forest,SHAP,114,309,0.5968398662417665,0.6307825256230839,0.038056022303602034,0.0,0.8154761904761905,0.13695651195836017,0.8166666666666667,0.16583123951777,0.8622023809523812,0.11085300769063038,0.7023809523809523,1.0
Random Forest,SHAP,115,127,0.1941629785746364,0.1826547289564607,0.02422618321305911,0.0,0.9607142857142857,0.03472845749003529,1.0,0.0,0.9901785714285714,0.008682114372508827,0.9761904761904762,1.0
Random Forest,SHAP,116,763,0.40848462990309814,0.4257657379294216,0.01940004824858167,0.0,0.9714285714285713,0.02672612419124241,0.9166666666666666,0.14433756729740646,0.9511904761904763,0.07776006034029928,0.8095238095238095,1.0
Random Forest,SHAP,117,310,0.08864817206287906,0.09327777547807366,0.01814370001374508,0.0,0.9607142857142856,0.03709627726400684,1.0,0.0,0.9901785714285716,0.009274069316001715,0.9702380952380952,1.0
Random Forest,SHAP,118,740,0.7865897338937708,0.7892812341199316,0.014531236007649218,0.0,0.9666666666666668,0.026513163632523894,0.8166666666666667,0.16583123951777,0.9,0.08702698515474795,0.8095238095238095,1.0
Random Forest,SHAP,119,347,0.10384217013860918,0.10871180950526875,0.013138494558843286,0.0,0.9845238095238095,0.01729266553134991,1.0,0.0,0.9961309523809524,0.00432316638283747,0.9880952380952381,1.0
Random Forest,SHAP,120,247,0.7511406988872981,0.7562132990506287,0.018442793206203328,0.0,0.9488095238095238,0.03859420256535077,1.0,0.0,0.9872023809523812,0.009648550641337695,0.9702380952380952,1.0
Random Forest,SHAP,121,6,0.06234759112723906,0.07757516718021441,0.017410542425238543,0.0,0.9309523809523809,0.06855323832803793,0.9833333333333332,0.0726483157256779,0.974404761904762,0.04709909585047226,0.7797619047619048,0.9940476190476191
Random Forest,SHAP,122,674,0.33769304308571696,0.36416676101416634,0.03198958730579473,0.0,0.95,0.05923740621249868,0.9666666666666666,0.1,0.9708333333333334,0.060758037457164925,0.7857142857142858,1.0
Random Forest,SHAP,123,258,0.5349697289388277,0.5491935605804563,0.019648143843156912,0.0,0.9690476190476189,0.03021089890583218,1.0,0.0,0.9922619047619049,0.007552724726458044,0.9761904761904762,1.0
Random Forest,SHAP,124,198,0.4284292288759125,0.42000894597042393,0.019905318520278426,0.0,0.9785714285714286,0.023690177073967127,0.9666666666666666,0.1,0.9779761904761906,0.05432994751772647,0.8095238095238095,1.0
Random Forest,SHAP,125,238,0.8884988776137003,0.8564435418169584,0.03700774666350708,0.0,0.9154761904761906,0.053492004615859436,0.7999999999999999,0.19436506316151006,0.8788690476190476,0.10838033713420651,0.6071428571428572,0.9940476190476191
Random Forest,SHAP,126,417,0.6922689211042268,0.6879740389252409,0.018486844093445608,0.0,0.9285714285714285,0.07641336445657719,1.0,0.0,0.9821428571428573,0.0191033411141443,0.9345238095238095,1.0
Random Forest,SHAP,127,699,0.49667382631763973,0.4910599733202945,0.030100310825226052,0.35,0.917857142857143,0.07395339281189213,0.95,0.11902380714238084,0.9544642857142858,0.06957605159666876,0.7619047619047619,1.0
Random Forest,SHAP,128,205,0.058820996265539945,0.06569914035369637,0.009390188569478567,0.0,0.9119047619047619,0.13301407355679448,0.9666666666666666,0.1,0.961309523809524,0.08026891099648953,0.7202380952380952,1.0
Random Forest,SHAP,129,543,0.21681726186970762,0.21324818334247864,0.00972163586858744,0.0,0.9428571428571428,0.039411774660111525,0.8166666666666667,0.16583123951777004,0.894047619047619,0.09176324535062451,0.8035714285714286,1.0
Random Forest,SHAP,130,554,0.15478404029859744,0.15754483298953537,0.031222022546457468,0.0,0.8583333333333336,0.16139186968650876,0.8666666666666666,0.1632993161855452,0.8979166666666666,0.11136322552290864,0.6785714285714286,1.0
Random Forest,SHAP,131,244,0.6855188644023626,0.614463478877079,0.07105538552528376,0.0,0.6416666666666667,0.2761776474853125,0.7499999999999999,0.17873008824606013,0.7854166666666667,0.14733164947709546,0.4285714285714286,1.0
Random Forest,SHAP,132,94,0.24064714259889688,0.25330991680098147,0.022621934017297667,0.0,0.9785714285714284,0.03002266717361544,1.0,0.0,0.9946428571428573,0.00750566679340386,0.9642857142857143,1.0
Random Forest,SHAP,133,424,0.763858109255345,0.7805013729260687,0.02666908584089981,0.0,0.8761904761904763,0.08234103078947894,1.0,0.0,0.9690476190476189,0.020585257697369748,0.9345238095238095,1.0
Random Forest,SHAP,134,212,0.8166814591068078,0.8184019459533717,0.013946925142819023,0.0,0.9428571428571428,0.05291931135926872,0.95,0.11902380714238082,0.960714285714286,0.05914762077280795,0.8214285714285714,0.9940476190476191
Random Forest,SHAP,135,697,0.03848888127658635,0.05090694490560134,0.012418063629014996,0.0,0.9845238095238095,0.020308002510990412,1.0,0.0,0.9961309523809525,0.005077000627747596,0.9821428571428572,1.0
Random Forest,SHAP,136,679,0.0688978577926585,0.07425329565919905,0.010490956181319752,0.0,0.9238095238095237,0.06717493323650418,1.0,0.0,0.9809523809523808,0.016793733309126056,0.9404761904761905,1.0
Random Forest,SHAP,137,589,0.03638378886098309,0.040045021349410154,0.004956749460575037,0.0,0.9642857142857142,0.03571428571428569,1.0,0.0,0.9910714285714285,0.008928571428571425,0.9761904761904762,1.0
Random Forest,SHAP,138,421,0.011486946184968943,0.017863723864787292,0.007336717333825878,0.0,0.9666666666666668,0.037191665123365,1.0,0.0,0.9916666666666666,0.00929791628084125,0.9761904761904762,1.0
Random Forest,SHAP,139,734,0.15730697398853835,0.14836334087807684,0.013192769276764039,0.0,0.9511904761904763,0.05187799659404979,1.0,0.0,0.987797619047619,0.012969499148512448,0.9583333333333334,1.0
Random Forest,SHAP,140,268,0.013665195414583676,0.021954349166068553,0.009146808558312975,0.0,0.9892857142857142,0.014035507288751865,1.0,0.0,0.9973214285714288,0.0035088768221879624,0.9880952380952381,1.0
Random Forest,SHAP,141,635,0.5064733993374539,0.5328535178255572,0.03267002979302782,0.1,0.975,0.026593223694867447,0.9333333333333333,0.13333333333333333,0.9604166666666668,0.06684910729589819,0.8273809523809523,1.0
Random Forest,SHAP,142,87,0.08565843695158327,0.10580168770740757,0.02188263925208554,0.0,0.9488095238095238,0.0635651860676785,0.7999999999999999,0.19436506316151003,0.887202380952381,0.10953796168918065,0.6190476190476191,1.0
Random Forest,SHAP,143,75,0.0071346881030096435,0.011211543961714837,0.00448848183847689,0.0,0.9916666666666666,0.013625622788404249,1.0,0.0,0.9979166666666666,0.0034064056971010582,0.9880952380952381,1.0
Random Forest,SHAP,144,537,0.13686340088464916,0.13682101555668738,0.006481312204462848,0.0,0.9619047619047618,0.05654448612875196,1.0,0.0,0.9904761904761905,0.014136121532187988,0.9642857142857143,1.0
Random Forest,SHAP,145,38,0.1897755396439554,0.2204173199573612,0.03963391018826363,0.0,0.835714285714286,0.14164165445462715,0.7333333333333332,0.22607766610417565,0.8255952380952382,0.14296994554380368,0.5238095238095238,1.0
Random Forest,SHAP,146,298,0.5270449118597743,0.5565409504014689,0.029496038541694643,0.0,0.9345238095238095,0.03829930462415574,0.7999999999999999,0.16329931618554525,0.8836309523809524,0.09026202330700284,0.8035714285714286,1.0
Random Forest,SHAP,147,115,0.7158500700946993,0.68490226167542,0.033970297133074985,0.05,0.8869047619047619,0.15056111979409156,0.8166666666666667,0.16583123951777,0.8800595238095237,0.09570708557969326,0.6904761904761905,1.0
Random Forest,SHAP,148,86,0.3852229031051457,0.41794092526843374,0.0489205770067679,0.05,0.9678571428571429,0.02293019081459309,1.0,0.0,0.9919642857142857,0.0057325477036482605,0.9821428571428572,1.0
Random Forest,SHAP,149,32,0.026454176707134246,0.019098989122633463,0.007788179273358123,0.0,0.9892857142857142,0.025505101530510124,1.0,0.0,0.9973214285714287,0.0063762753826275215,0.9821428571428572,1.0
Random Forest,SHAP,150,637,0.1171002123564032,0.11775389194126692,0.02519360440751877,0.0,0.8595238095238097,0.09461103088716916,0.8333333333333333,0.16666666666666669,0.881547619047619,0.1009082197883883,0.7559523809523809,1.0
Random Forest,SHAP,151,593,0.11543913193437633,0.11797633623268851,0.03595246285510473,0.0,0.8666666666666668,0.17502834237608672,0.85,0.16583123951777004,0.8916666666666668,0.1127752365027623,0.6964285714285714,1.0
Random Forest,SHAP,152,425,0.860788904289329,0.8527110824170366,0.017895655657766928,0.0,0.8880952380952383,0.11246062551066228,0.8833333333333334,0.1589898669028243,0.9136904761904763,0.1057699740709337,0.7619047619047619,1.0
Random Forest,SHAP,153,273,0.17179186075618,0.17091171744786676,0.009011287213243156,0.0,0.9845238095238095,0.02637919024542894,1.0,0.0,0.9961309523809525,0.006594797561357242,0.9702380952380952,1.0
Random Forest,LIME,0,44,0.7706221365228292,0.7568566139262172,0.0348053635772061,0.0,0.9511904761904763,0.03147453349143398,1.0,0.0,0.9877976190476192,0.007868633372858492,0.9761904761904762,1.0
Random Forest,LIME,1,672,0.23526646180118121,0.22794051884519684,0.010686904280938887,0.0,0.9678571428571427,0.029426683557876837,0.9166666666666666,0.14433756729740646,0.9502976190476191,0.07473201840462985,0.8095238095238095,1.0
Random Forest,LIME,2,700,0.16311688045389472,0.22803822938613774,0.06591195042779704,0.0,0.9976190476190476,0.007142857142857117,1.0,0.0,0.9994047619047619,0.0017857142857142792,0.9940476190476191,1.0
Random Forest,LIME,3,630,0.3775807366413641,0.3532628288834912,0.11838055235315088,0.25,0.9845238095238095,0.021658815950785965,1.0,0.0,0.9961309523809525,0.0054147039876964835,0.9821428571428572,1.0
Random Forest,LIME,4,81,0.051401343364493986,0.05420722767002996,0.003353815493394286,0.0,0.9845238095238095,0.013625622788404249,1.0,0.0,0.9961309523809525,0.0034064056971010582,0.9880952380952381,1.0
Random Forest,LIME,5,389,0.3788556584358506,0.3541614516246962,0.04891443366858754,0.0,0.9773809523809522,0.014035507288751869,1.0,0.0,0.9943452380952383,0.003508876822187963,0.9821428571428572,1.0
Random Forest,LIME,6,387,0.44810789868437223,0.47672632144094607,0.03795081435668227,0.2,0.9904761904761905,0.01388321879725068,0.95,0.11902380714238082,0.9726190476190476,0.061899038196931766,0.8214285714285714,1.0
Random Forest,LIME,7,408,0.6990163400951762,0.7131315780936037,0.01674069053555219,0.0,0.9666666666666668,0.03229680944345365,1.0,0.0,0.9916666666666668,0.008074202360863418,0.9761904761904762,1.0
Random Forest,LIME,8,163,0.06502733813889394,0.06355286935340021,0.016496274766836266,0.0,0.9976190476190474,0.0071428571428571175,1.0,0.0,0.999404761904762,0.0017857142857142794,0.9940476190476191,1.0
Random Forest,LIME,9,335,0.8443797407991219,0.8439185675151805,0.01805379881030502,0.0,0.9904761904761905,0.011664236870396045,1.0,0.0,0.9976190476190478,0.0029160592175990112,0.9940476190476191,1.0
Random Forest,LIME,10,471,0.5742223221714582,0.5541115763831318,0.02574781462161786,0.15,0.9988095238095237,0.005189165408976974,1.0,0.0,0.9997023809523811,0.0012972913522442437,0.9940476190476191,1.0
Random Forest,LIME,11,78,0.625802132551766,0.6117886738092186,0.05970662410925405,0.15,0.9714285714285715,0.01934294858246654,1.0,0.0,0.9928571428571431,0.004835737145616626,0.9821428571428572,1.0
Random Forest,LIME,12,307,0.1220501002375057,0.11977008624425241,0.010994680065188514,0.0,0.9785714285714284,0.014869042853329484,1.0,0.0,0.9946428571428573,0.003717260713332367,0.9821428571428572,1.0
Random Forest,LIME,13,392,0.12447472059813403,0.12056856191124485,0.03773184080188948,0.0,0.9892857142857142,0.011845088536983527,1.0,0.0,0.9973214285714287,0.0029612721342458822,0.9940476190476191,1.0
Random Forest,LIME,14,678,0.2490795827548872,0.23005499691538617,0.02356395402383764,0.0,0.9678571428571427,0.03305581756408288,1.0,0.0,0.991964285714286,0.008263954391020718,0.9761904761904762,1.0
Random Forest,LIME,15,116,0.5007804827775802,0.5268592651280183,0.03885170556083947,0.25,0.9880952380952381,0.017657615445465822,1.0,0.0,0.9970238095238096,0.00441440386136645,0.9821428571428572,1.0
Random Forest,LIME,16,660,0.7802486525370337,0.7630615137658722,0.01951065715661226,0.0,0.9547619047619047,0.028071014577503793,0.9666666666666666,0.1,0.9720238095238096,0.052607060690245004,0.8095238095238095,1.0
Random Forest,LIME,17,742,0.05099916350002751,0.04847526627038292,0.011114682399417205,0.0,0.9964285714285716,0.008501700510170029,1.0,0.0,0.9991071428571429,0.0021254251275425076,0.9940476190476191,1.0
Random Forest,LIME,18,260,0.8214398246445501,0.8343253776028599,0.014424676083532118,0.0,0.9845238095238095,0.028447150346067897,1.0,0.0,0.9961309523809525,0.007111787586516982,0.9761904761904762,1.0
Random Forest,LIME,19,533,0.3397753447449288,0.30867500482284155,0.054361549369372264,0.0,0.9666666666666668,0.026513163632523866,1.0,0.0,0.9916666666666668,0.006628290908130955,0.9821428571428572,1.0
Random Forest,LIME,20,140,0.3208547856233984,0.3039080767380295,0.02321606225561812,0.0,0.9714285714285715,0.02332847374079213,1.0,0.0,0.9928571428571431,0.0058321184351980224,0.9821428571428572,1.0
Random Forest,LIME,21,13,0.7823732408839028,0.760568134345584,0.042384817545957285,0.0,0.9750000000000002,0.032362564807305184,1.0,0.0,0.9937499999999998,0.008090641201826298,0.9761904761904762,1.0
Random Forest,LIME,22,17,0.4552019718432563,0.4790214799145768,0.054797210661504316,0.4,0.994047619047619,0.010309826235528995,1.0,0.0,0.9985119047619048,0.0025774565588822487,0.9940476190476191,1.0
Random Forest,LIME,23,245,0.8414773162590166,0.8218443999136902,0.030900028110242124,0.0,0.9773809523809522,0.023176098016585437,1.0,0.0,0.9943452380952383,0.005794024504146362,0.9761904761904762,1.0
Random Forest,LIME,24,517,0.6152705477235568,0.6122535060063211,0.032058022546314235,0.0,0.9857142857142858,0.011664236870396045,1.0,0.0,0.9964285714285716,0.0029160592175990112,0.9940476190476191,1.0
Random Forest,LIME,25,62,0.0641827886991057,0.06367668664761016,0.006564603884029222,0.0,0.9797619047619047,0.027432663385245,1.0,0.0,0.9949404761904763,0.006858165846311249,0.9761904761904762,1.0
Random Forest,LIME,26,480,0.7696467732727228,0.730571106140016,0.08487863272427645,0.0,0.9726190476190475,0.015567496226930953,1.0,0.0,0.9931547619047623,0.0038918740567327305,0.9821428571428572,1.0
Random Forest,LIME,27,629,0.022464810226457247,0.024078219149252147,0.004073867462070221,0.0,0.9952380952380953,0.009523809523809488,1.0,0.0,0.9988095238095237,0.002380952380952373,0.9940476190476191,1.0
Random Forest,LIME,28,64,0.6313505199429709,0.6126781062422612,0.038129331255783674,0.0,0.9904761904761905,0.011664236870396045,1.0,0.0,0.9976190476190476,0.0029160592175990112,0.9940476190476191,1.0
Random Forest,LIME,29,3,0.024320060430759256,0.024005109602038027,0.005159838090007996,0.0,0.9928571428571427,0.01091089451179958,1.0,0.0,0.9982142857142857,0.0027277236279498952,0.9940476190476191,1.0
Random Forest,LIME,30,158,0.0427685672746858,0.043922305026430214,0.007589333533743482,0.0,0.9952380952380953,0.016148404721726795,1.0,0.0,0.9988095238095237,0.0040371011804316926,0.9821428571428572,1.0
Random Forest,LIME,31,83,0.01609295005342181,0.022818269723359853,0.008920638822395539,0.0,0.9964285714285712,0.008501700510170029,1.0,0.0,0.9991071428571431,0.002125425127542507,0.9940476190476191,1.0
Random Forest,LIME,32,437,0.5668825459191442,0.5889177146637348,0.0508385231087346,0.05,0.9619047619047618,0.03140691894826883,1.0,0.0,0.9904761904761907,0.007851729737067206,0.9761904761904762,1.0
Random Forest,LIME,33,153,0.5361149801140555,0.5768867746646945,0.04963937428530636,0.0,0.994047619047619,0.010309826235528995,1.0,0.0,0.9985119047619048,0.0025774565588822487,0.9940476190476191,1.0
Random Forest,LIME,34,469,0.730449897336407,0.7851655884060742,0.05815704854460779,0.0,0.9976190476190476,0.007142857142857117,1.0,0.0,0.9994047619047619,0.0017857142857142792,0.9940476190476191,1.0
Random Forest,LIME,35,124,0.19579859275479594,0.19575117684369375,0.017294412439950453,0.0,0.9857142857142858,0.017496355305594083,1.0,0.0,0.9964285714285716,0.004374088826398516,0.9821428571428572,1.0
Random Forest,LIME,36,305,0.3314193854121509,0.32165713858491346,0.039998725059506995,0.0,0.9988095238095237,0.005189165408976974,1.0,0.0,0.9997023809523811,0.0012972913522442437,0.9940476190476191,1.0
Random Forest,LIME,37,767,0.07930783360212129,0.08802057516749502,0.01763641910863358,0.0,1.0,0.0,1.0,0.0,1.0,0.0,1.0,1.0
Random Forest,LIME,38,746,0.7037070212233645,0.6996956624133162,0.013507076213658608,0.0,0.994047619047619,0.010309826235528995,1.0,0.0,0.9985119047619048,0.0025774565588822487,0.9940476190476191,1.0
Random Forest,LIME,39,345,0.6468934737295678,0.6534434236232344,0.0586194305175209,0.0,0.9857142857142858,0.017496355305594086,0.9333333333333333,0.13333333333333333,0.9630952380952381,0.06798755221535653,0.8273809523809523,1.0
Random Forest,LIME,40,745,0.5530676465683917,0.5468972077347436,0.03034394249802802,0.05,0.9904761904761905,0.011664236870396045,0.95,0.11902380714238084,0.9726190476190476,0.06106342192015317,0.8273809523809523,1.0
Random Forest,LIME,41,596,0.35515270246573205,0.3619149281735077,0.018381695410212416,0.0,0.9904761904761905,0.017496355305594086,1.0,0.0,0.9976190476190476,0.004374088826398516,0.9821428571428572,1.0
Random Forest,LIME,42,279,0.1143018881448683,0.10762483517038708,0.011686597819584704,0.0,0.9892857142857142,0.011845088536983529,1.0,0.0,0.9973214285714288,0.0029612721342458822,0.9940476190476191,1.0
Random Forest,LIME,43,264,0.5564216740389948,0.5563796182151187,0.024992248808067007,0.05,0.9833333333333334,0.021428571428571384,1.0,0.0,0.9958333333333333,0.005357142857142839,0.9821428571428572,1.0
Random Forest,LIME,44,380,0.23876365213286008,0.23695208886911207,0.03321639681461701,0.0,1.0,0.0,1.0,0.0,1.0,0.0,1.0,1.0
Random Forest,LIME,45,560,0.4687597003491146,0.4491175646074523,0.023936864335907717,0.0,0.9892857142857142,0.02191899123752614,0.9833333333333332,0.0726483157256779,0.9889880952380953,0.03747046266811179,0.8273809523809523,1.0
Random Forest,LIME,46,276,0.11210280384395138,0.15288219817575677,0.053003972339476645,0.0,0.9785714285714284,0.0071428571428571175,1.0,0.0,0.9946428571428573,0.0017857142857142794,0.9940476190476191,1.0
Random Forest,LIME,47,501,0.1271548428489943,0.13205876720634105,0.03016468457621211,0.0,0.9976190476190476,0.007142857142857117,1.0,0.0,0.9994047619047619,0.0017857142857142792,0.9940476190476191,1.0
Random Forest,LIME,48,415,0.7088717771601232,0.7087672952926117,0.013865484715989806,0.0,0.994047619047619,0.010309826235528995,1.0,0.0,0.9985119047619048,0.0025774565588822487,0.9940476190476191,1.0
Random Forest,LIME,49,535,0.47228199755854167,0.5149764135015236,0.08805312014928124,0.6,0.9821428571428573,0.024829349541207368,1.0,0.0,0.9955357142857144,0.006207337385301844,0.9761904761904762,1.0
Random Forest,LIME,50,558,0.4536183207901131,0.46242241127383404,0.027441522903774974,0.15,0.9833333333333332,0.01325658181626192,0.7999999999999999,0.16329931618554525,0.8958333333333334,0.08446300629924666,0.8214285714285714,1.0
Random Forest,LIME,51,484,0.7867417996991796,0.7697600584416485,0.016981741257531068,0.0,0.9845238095238095,0.01135641906448741,1.0,0.0,0.9961309523809525,0.002839104766121852,0.9940476190476191,1.0
Random Forest,LIME,52,428,0.5843771253412099,0.5978254137421707,0.02310277758917197,0.0,0.9964285714285716,0.008501700510170029,1.0,0.0,0.9991071428571429,0.0021254251275425076,0.9940476190476191,1.0
Random Forest,LIME,53,89,0.0182206358744924,0.023613630927902907,0.010063502376074682,0.0,0.9952380952380953,0.00952380952380949,1.0,0.0,0.9988095238095239,0.0023809523809523725,0.9940476190476191,1.0
Random Forest,LIME,54,756,0.670191604973334,0.6795669369647716,0.018231681307420387,0.0,0.9964285714285716,0.008501700510170029,1.0,0.0,0.9991071428571429,0.0021254251275425076,0.9940476190476191,1.0
Random Forest,LIME,55,531,0.3939729721371352,0.39826594100843743,0.041466986167830275,0.0,0.9178571428571429,0.021918991237526192,1.0,0.0,0.9794642857142856,0.005479747809381563,0.9761904761904762,0.9940476190476191
Random Forest,LIME,56,712,0.733897112429058,0.7126924595806226,0.037235399631250485,0.0,0.975,0.005189165408976998,0.9666666666666666,0.1,0.9770833333333335,0.050901558710302025,0.8214285714285714,0.9940476190476191
Random Forest,LIME,57,532,0.3607639807424199,0.3615153628545006,0.01222546746152777,0.0,0.9976190476190476,0.007142857142857117,1.0,0.0,0.9994047619047619,0.0017857142857142792,0.9940476190476191,1.0
Random Forest,LIME,58,355,0.8526297825954193,0.8404350323188094,0.03213645750540309,0.0,0.9726190476190478,0.02413468444370628,1.0,0.0,0.993154761904762,0.00603367111092657,0.9761904761904762,1.0
Random Forest,LIME,59,713,0.201795376391476,0.19078102046321918,0.018559554967106894,0.0,0.9976190476190476,0.007142857142857117,1.0,0.0,0.9994047619047619,0.0017857142857142792,0.9940476190476191,1.0
Random Forest,LIME,60,440,0.8576049607975813,0.8524001570576217,0.0090221704492638,0.0,0.9797619047619047,0.015567496226930941,1.0,0.0,0.9949404761904764,0.0038918740567327305,0.9821428571428572,1.0
Random Forest,LIME,61,311,0.32653324800281214,0.33949841518492396,0.021649915962387394,0.0,1.0,0.0,1.0,0.0,1.0,0.0,1.0,1.0
Random Forest,LIME,62,494,0.06432234576744648,0.06406619708838965,0.003192517542795812,0.0,0.9821428571428571,0.021128856368212868,1.0,0.0,0.9955357142857144,0.00528221409205321,0.9821428571428572,1.0
Random Forest,LIME,63,235,0.8800731418612916,0.8753159940964933,0.015702000955226676,0.0,0.9785714285714284,0.019777675864090613,1.0,0.0,0.9946428571428573,0.0049444189660226455,0.9821428571428572,1.0
Random Forest,LIME,64,650,0.009470166550666851,0.010084385223240826,0.002707113677819737,0.0,0.9976190476190476,0.007142857142857117,1.0,0.0,0.9994047619047619,0.0017857142857142792,0.9940476190476191,1.0
Random Forest,LIME,65,724,0.5038038240095261,0.4652934001303076,0.04137723918715587,0.85,0.9511904761904763,0.02864573670360941,1.0,0.0,0.9877976190476193,0.007161434175902344,0.9761904761904762,1.0
Random Forest,LIME,66,332,0.8725561778235518,0.8685563895523136,0.013008479319865946,0.0,0.9845238095238095,0.01886068990208908,1.0,0.0,0.9961309523809525,0.004715172475522263,0.9821428571428572,1.0
Random Forest,LIME,67,418,0.03495999672379615,0.03847289158817238,0.01036849842002412,0.0,0.9773809523809524,0.019158901118370295,1.0,0.0,0.9943452380952381,0.004789725279592567,0.9821428571428572,1.0
Random Forest,LIME,68,410,0.43796696507219146,0.433927856241527,0.03913130684134466,0.1,1.0,0.0,1.0,0.0,1.0,0.0,1.0,1.0
Random Forest,LIME,69,743,0.7627982706777439,0.7611659481733262,0.007771565882727744,0.0,0.980952380952381,0.020756661635907923,1.0,0.0,0.9952380952380953,0.005189165408976974,0.9821428571428572,1.0
Random Forest,LIME,70,419,0.1411593543409136,0.1555211776643796,0.042545998802354115,0.0,0.9928571428571429,0.010910894511799581,1.0,0.0,0.9982142857142857,0.0027277236279498952,0.9940476190476191,1.0
Random Forest,LIME,71,527,0.04538725659334133,0.05478993575668643,0.012923464805562699,0.0,0.9916666666666665,0.011356419064487406,1.0,0.0,0.9979166666666668,0.0028391047661218524,0.9940476190476191,1.0
Random Forest,LIME,72,351,0.5203827248530303,0.5303721815908033,0.02070791604222228,0.1,0.9440476190476191,0.03037464481469778,1.0,0.0,0.9860119047619047,0.007593661203674443,0.9761904761904762,1.0
Random Forest,LIME,73,618,0.6490415046781745,0.6267644733002591,0.04625124642606088,0.1,0.9904761904761905,0.011664236870396045,1.0,0.0,0.9976190476190476,0.0029160592175990112,0.9940476190476191,1.0
Random Forest,LIME,74,407,0.017722475432712655,0.022522712362648724,0.006741017044606437,0.0,0.9869047619047617,0.021918991237526105,1.0,0.0,0.9967261904761905,0.005479747809381519,0.9821428571428572,1.0
Random Forest,LIME,75,243,0.27946222582691377,0.2882970074116488,0.055903274817177454,0.0,0.994047619047619,0.010309826235528995,1.0,0.0,0.9985119047619048,0.0025774565588822487,0.9940476190476191,1.0
Random Forest,LIME,76,190,0.07858033325745199,0.06642551584771655,0.013299666063343,0.0,0.9857142857142858,0.011664236870396045,1.0,0.0,0.9964285714285716,0.0029160592175990112,0.9940476190476191,1.0
Random Forest,LIME,77,187,0.6353548640375103,0.6154085047302367,0.038788380681323606,0.0,0.9964285714285716,0.008501700510170029,1.0,0.0,0.9991071428571429,0.0021254251275425076,0.9940476190476191,1.0
Random Forest,LIME,78,496,0.09107772771905402,0.11974041335492289,0.040233368979607706,0.0,0.9857142857142858,0.011664236870396045,1.0,0.0,0.9964285714285716,0.0029160592175990112,0.9940476190476191,1.0
Random Forest,LIME,79,441,0.046962278765183885,0.05373961111409117,0.012101110466377532,0.0,0.9964285714285716,0.008501700510170029,1.0,0.0,0.9991071428571429,0.0021254251275425076,0.9940476190476191,1.0
Random Forest,LIME,80,430,0.04037882898356936,0.04187161005912054,0.004744820246736126,0.0,0.9666666666666666,0.029546842014263934,1.0,0.0,0.9916666666666668,0.0073867105035659835,0.9761904761904762,1.0
Random Forest,LIME,81,698,0.49633756661675366,0.4874160425989764,0.06406619421569751,0.4,0.9964285714285716,0.008501700510170029,1.0,0.0,0.9991071428571429,0.0021254251275425076,0.9940476190476191,1.0
Random Forest,LIME,82,513,0.04310488187860017,0.038514500435346925,0.015003000790704449,0.0,0.982142857142857,0.010309826235528995,1.0,0.0,0.9955357142857144,0.0025774565588822483,0.9940476190476191,1.0
Random Forest,LIME,83,304,0.4365805285763197,0.4607397284355432,0.061407273847838464,0.25,0.9785714285714284,0.027042420694286987,1.0,0.0,0.9946428571428573,0.006760605173571745,0.9761904761904762,1.0
Random Forest,LIME,84,82,0.36771971255612196,0.37082054782707313,0.019265866624163443,0.0,0.9964285714285716,0.008501700510170029,1.0,0.0,0.9991071428571429,0.0021254251275425076,0.9940476190476191,1.0
Random Forest,LIME,85,563,0.10180345396872459,0.13392985270968005,0.0699140525044494,0.0,0.9928571428571427,0.01091089451179958,1.0,0.0,0.9982142857142857,0.0027277236279498952,0.9940476190476191,1.0
Random Forest,LIME,86,722,0.4903096323474936,0.5222252597242011,0.045804218955431894,0.6,0.9726190476190475,0.02030800251099042,1.0,0.0,0.993154761904762,0.005077000627747596,0.9821428571428572,1.0
Random Forest,LIME,87,199,0.45001212041049454,0.4630318807113323,0.015477381756875932,0.05,0.9952380952380953,0.00952380952380949,1.0,0.0,0.9988095238095239,0.0023809523809523725,0.9940476190476191,1.0
Random Forest,LIME,88,112,0.10005536600961099,0.10445403853297679,0.02118743289630451,0.0,0.9964285714285716,0.008501700510170029,1.0,0.0,0.9991071428571429,0.0021254251275425076,0.9940476190476191,1.0
Random Forest,LIME,89,162,0.2930485346926291,0.3599987495293117,0.07223814252764235,0.0,0.9666666666666668,0.02048172682629194,1.0,0.0,0.9916666666666669,0.0051204317065729745,0.9821428571428572,1.0
Random Forest,LIME,90,24,0.7900581456446653,0.7806532002707918,0.016225961501706132,0.0,0.9833333333333332,0.023928275288383056,0.9333333333333332,0.13333333333333336,0.9625000000000001,0.07138143285838482,0.8095238095238095,1.0
Random Forest,LIME,91,215,0.723954271822297,0.7418586107647653,0.025766100763377413,0.0,1.0,0.0,1.0,0.0,1.0,0.0,1.0,1.0
Random Forest,LIME,92,42,0.15421952148634177,0.16415938465776414,0.01667974827414049,0.0,0.980952380952381,0.020756661635907926,1.0,0.0,0.9952380952380955,0.005189165408976975,0.9821428571428572,1.0
Random Forest,LIME,93,366,0.3672805589870621,0.32978368487947873,0.06554909402833191,0.0,0.9845238095238095,0.021658815950786,1.0,0.0,0.9961309523809524,0.005414703987696504,0.9761904761904762,1.0
Random Forest,LIME,94,402,0.5371669884857627,0.5664498757790821,0.03580567849175954,0.0,1.0,0.0,1.0,0.0,1.0,0.0,1.0,1.0
Random Forest,LIME,95,88,0.6177328098408751,0.6313619927562608,0.019742354280197032,0.0,0.9928571428571427,0.01091089451179958,0.9333333333333332,0.13333333333333336,0.9648809523809524,0.06877254320157646,0.8273809523809523,1.0
Random Forest,LIME,96,486,0.6134840804859168,0.6095273518736907,0.013340004309300579,0.0,0.9761904761904759,0.0075292325242104175,1.0,0.0,0.9940476190476193,0.0018823081310526,0.9880952380952381,1.0
Random Forest,LIME,97,436,0.7148939507163719,0.7189848315849744,0.019372960439184184,0.0,0.9916666666666668,0.01135641906448741,0.9333333333333332,0.13333333333333336,0.9645833333333332,0.06863265599008951,0.8273809523809523,1.0
Random Forest,LIME,98,399,0.7186012304052114,0.7014069001554875,0.022045535212932295,0.0,0.9880952380952379,0.017657615445465822,1.0,0.0,0.9970238095238099,0.00441440386136645,0.9821428571428572,1.0
Random Forest,LIME,99,488,0.022644048391095926,0.03079269153749009,0.010209090675069015,0.0,0.994047619047619,0.010309826235528995,1.0,0.0,0.9985119047619048,0.0025774565588822487,0.9940476190476191,1.0
Random Forest,LIME,100,615,0.038580913415239323,0.05685140722272458,0.025526864864902826,0.0,0.9892857142857142,0.011845088536983529,1.0,0.0,0.9973214285714288,0.0029612721342458822,0.9940476190476191,1.0
Random Forest,LIME,101,481,0.38113650057659226,0.3959192824929625,0.04916596184353098,0.05,0.9964285714285716,0.008501700510170029,1.0,0.0,0.9991071428571429,0.0021254251275425076,0.9940476190476191,1.0
Random Forest,LIME,102,139,0.22057545438987844,0.22014369117265148,0.05053698996996314,0.0,0.994047619047619,0.010309826235528995,1.0,0.0,0.9985119047619048,0.0025774565588822487,0.9940476190476191,1.0
Random Forest,LIME,103,570,0.28306665733948533,0.2758813924222609,0.01775537059467826,0.0,0.9928571428571427,0.01091089451179958,1.0,0.0,0.9982142857142857,0.0027277236279498952,0.9940476190476191,1.0
Random Forest,LIME,104,300,0.8644147893753298,0.8513189328430057,0.017252759103940807,0.0,0.9845238095238095,0.017292665531349897,1.0,0.0,0.9961309523809525,0.00432316638283747,0.9821428571428572,1.0
Random Forest,LIME,105,736,0.09410511846562963,0.13605130482406863,0.05298395954221778,0.0,0.9928571428571429,0.010910894511799581,1.0,0.0,0.9982142857142857,0.0027277236279498952,0.9940476190476191,1.0
Random Forest,LIME,106,445,0.7883702989099587,0.7845578801499083,0.013265758566538444,0.0,0.919047619047619,0.06088910405973532,1.0,0.0,0.9797619047619047,0.015222276014933837,0.9464285714285714,1.0
Random Forest,LIME,107,447,0.17277666628639202,0.17592359929920637,0.0245982058099824,0.0,0.994047619047619,0.010309826235528995,1.0,0.0,0.9985119047619048,0.0025774565588822487,0.9940476190476191,1.0
Random Forest,LIME,108,489,0.6311333515444424,0.6366122300467465,0.010768763930073061,0.0,0.9464285714285715,0.027016204090262425,0.9,0.1527525231651947,0.9366071428571431,0.07699710197891821,0.8095238095238095,0.9940476190476191
Random Forest,LIME,109,330,0.2088263183438083,0.20047698274519093,0.015960032191553248,0.0,0.9892857142857142,0.011845088536983529,1.0,0.0,0.9973214285714288,0.0029612721342458822,0.9940476190476191,1.0
Random Forest,LIME,110,144,0.4531478387175312,0.49967605904499723,0.06979636732118902,0.5,0.9976190476190476,0.007142857142857117,1.0,0.0,0.9994047619047619,0.0017857142857142792,0.9940476190476191,1.0
Random Forest,LIME,111,185,0.9151381186067348,0.8990238599541035,0.019187523238745747,0.0,0.9726190476190476,0.030374644814697777,1.0,0.0,0.9931547619047618,0.007593661203674447,0.9761904761904762,1.0
Random Forest,LIME,112,584,0.6233793574463246,0.5993809194883439,0.05395406861581924,0.05,0.9464285714285715,0.030929478706587094,1.0,0.0,0.9866071428571429,0.007732369676646776,0.9761904761904762,1.0
Random Forest,LIME,113,164,0.6557596641067704,0.6182949544163643,0.04027554623482439,0.05,0.9869047619047618,0.017617438793986553,1.0,0.0,0.9967261904761907,0.004404359698496634,0.9821428571428572,1.0
Random Forest,LIME,114,309,0.5968398662417665,0.6307825256230839,0.038056022303602034,0.0,0.9988095238095237,0.005189165408976974,1.0,0.0,0.9997023809523811,0.0012972913522442437,0.9940476190476191,1.0
Random Forest,LIME,115,127,0.1941629785746364,0.1826547289564607,0.02422618321305911,0.0,0.9952380952380953,0.009523809523809488,1.0,0.0,0.9988095238095237,0.002380952380952373,0.9940476190476191,1.0
Random Forest,LIME,116,763,0.40848462990309814,0.4257657379294216,0.01940004824858167,0.0,0.9595238095238093,0.03458533106269988,1.0,0.0,0.9898809523809525,0.008646332765674974,0.9761904761904762,1.0
Random Forest,LIME,117,310,0.08864817206287906,0.09327777547807366,0.01814370001374508,0.0,0.9952380952380953,0.009523809523809488,1.0,0.0,0.9988095238095237,0.002380952380952373,0.9940476190476191,1.0
Random Forest,LIME,118,740,0.7865897338937708,0.7892812341199316,0.014531236007649218,0.0,0.9773809523809522,0.009144221128414993,0.7166666666666666,0.11902380714238085,0.8526785714285714,0.061077200831826356,0.8214285714285714,1.0
Random Forest,LIME,119,347,0.10384217013860918,0.10871180950526875,0.013138494558843286,0.0,0.925,0.027432663385245047,1.0,0.0,0.98125,0.006858165846311274,0.9761904761904762,1.0
Random Forest,LIME,120,247,0.7511406988872981,0.7562132990506287,0.018442793206203328,0.0,0.9797619047619047,0.01556749622693095,1.0,0.0,0.9949404761904764,0.0038918740567327305,0.9880952380952381,1.0
Random Forest,LIME,121,6,0.06234759112723906,0.07757516718021441,0.017410542425238543,0.0,0.9976190476190474,0.0071428571428571175,1.0,0.0,0.999404761904762,0.0017857142857142794,0.9940476190476191,1.0
Random Forest,LIME,122,674,0.33769304308571696,0.36416676101416634,0.03198958730579473,0.0,0.9714285714285715,0.02451340509758808,0.9666666666666666,0.1,0.9761904761904763,0.0509615590309619,0.8214285714285714,1.0
Random Forest,LIME,123,258,0.5349697289388277,0.5491935605804563,0.019648143843156912,0.0,0.9928571428571429,0.010910894511799581,1.0,0.0,0.9982142857142857,0.0027277236279498952,0.9940476190476191,1.0
Random Forest,LIME,124,198,0.4284292288759125,0.42000894597042393,0.019905318520278426,0.0,1.0,0.0,1.0,0.0,1.0,0.0,1.0,1.0
Random Forest,LIME,125,238,0.8884988776137003,0.8564435418169584,0.03700774666350708,0.0,0.9880952380952381,0.017657615445465822,1.0,0.0,0.9970238095238095,0.00441440386136645,0.9821428571428572,1.0
Random Forest,LIME,126,417,0.6922689211042268,0.6879740389252409,0.018486844093445608,0.0,0.9988095238095237,0.005189165408976974,1.0,0.0,0.9997023809523811,0.0012972913522442434,0.9940476190476191,1.0
Random Forest,LIME,127,699,0.49667382631763973,0.4910599733202945,0.030100310825226052,0.35,0.9809523809523808,0.020756661635907923,1.0,0.0,0.9952380952380955,0.005189165408976974,0.9821428571428572,1.0
Random Forest,LIME,128,205,0.058820996265539945,0.06569914035369637,0.009390188569478567,0.0,0.994047619047619,0.010309826235528995,1.0,0.0,0.9985119047619048,0.0025774565588822487,0.9940476190476191,1.0
Random Forest,LIME,129,543,0.21681726186970762,0.21324818334247864,0.00972163586858744,0.0,0.9976190476190476,0.007142857142857117,1.0,0.0,0.9994047619047619,0.0017857142857142792,0.9940476190476191,1.0
Random Forest,LIME,130,554,0.15478404029859744,0.15754483298953537,0.031222022546457468,0.0,0.9964285714285716,0.008501700510170029,1.0,0.0,0.9991071428571429,0.0021254251275425076,0.9940476190476191,1.0
Random Forest,LIME,131,244,0.6855188644023626,0.614463478877079,0.07105538552528376,0.0,0.9988095238095237,0.005189165408976974,1.0,0.0,0.9997023809523811,0.0012972913522442437,0.9940476190476191,1.0
Random Forest,LIME,132,94,0.24064714259889688,0.25330991680098147,0.022621934017297667,0.0,0.9964285714285716,0.008501700510170029,1.0,0.0,0.9991071428571429,0.0021254251275425076,0.9940476190476191,1.0
Random Forest,LIME,133,424,0.763858109255345,0.7805013729260687,0.02666908584089981,0.0,0.9988095238095237,0.005189165408976974,1.0,0.0,0.9997023809523811,0.0012972913522442437,0.9940476190476191,1.0
Random Forest,LIME,134,212,0.8166814591068078,0.8184019459533717,0.013946925142819023,0.0,0.9488095238095239,0.02413468444370633,0.7166666666666666,0.11902380714238085,0.8455357142857144,0.06261256869433965,0.8095238095238095,0.9940476190476191
Random Forest,LIME,135,697,0.03848888127658635,0.05090694490560134,0.012418063629014996,0.0,0.9571428571428573,0.029738085706659024,1.0,0.0,0.9892857142857144,0.007434521426664753,0.9761904761904762,1.0
Random Forest,LIME,136,679,0.0688978577926585,0.07425329565919905,0.010490956181319752,0.0,0.9869047619047621,0.01761743879398655,1.0,0.0,0.9967261904761907,0.004404359698496634,0.9821428571428572,1.0
Random Forest,LIME,137,589,0.03638378886098309,0.040045021349410154,0.004956749460575037,0.0,0.9476190476190478,0.029738085706659017,1.0,0.0,0.9869047619047621,0.007434521426664749,0.9761904761904762,1.0
Random Forest,LIME,138,421,0.011486946184968943,0.017863723864787292,0.007336717333825878,0.0,0.9952380952380953,0.009523809523809488,1.0,0.0,0.9988095238095237,0.002380952380952373,0.9940476190476191,1.0
Random Forest,LIME,139,734,0.15730697398853835,0.14836334087807684,0.013192769276764039,0.0,0.9642857142857142,0.030583887092059798,1.0,0.0,0.9910714285714288,0.007645971773014941,0.9761904761904762,1.0
Random Forest,LIME,140,268,0.013665195414583676,0.021954349166068553,0.009146808558312975,0.0,0.9773809523809522,0.029618703106249342,1.0,0.0,0.9943452380952383,0.007404675776562338,0.9761904761904762,1.0
Random Forest,LIME,141,635,0.5064733993374539,0.5328535178255572,0.03267002979302782,0.1,0.9857142857142854,0.011664236870396045,1.0,0.0,0.9964285714285717,0.0029160592175990112,0.9940476190476191,1.0
Random Forest,LIME,142,87,0.08565843695158327,0.10580168770740757,0.02188263925208554,0.0,0.9952380952380953,0.009523809523809488,1.0,0.0,0.9988095238095239,0.0023809523809523725,0.9940476190476191,1.0
Random Forest,LIME,143,75,0.0071346881030096435,0.011211543961714837,0.00448848183847689,0.0,0.9845238095238094,0.021658815950785965,1.0,0.0,0.9961309523809525,0.005414703987696484,0.9821428571428572,1.0
Random Forest,LIME,144,537,0.13686340088464916,0.13682101555668738,0.006481312204462848,0.0,0.9821428571428573,0.027016204090262393,0.9833333333333332,0.0726483157256779,0.987202380952381,0.04226923980611488,0.8035714285714286,1.0
Random Forest,LIME,145,38,0.1897755396439554,0.2204173199573612,0.03963391018826363,0.0,0.9988095238095237,0.005189165408976974,1.0,0.0,0.9997023809523811,0.0012972913522442437,0.9940476190476191,1.0
Random Forest,LIME,146,298,0.5270449118597743,0.5565409504014689,0.029496038541694643,0.0,0.975,0.024368439869593698,0.9166666666666666,0.14433756729740646,0.9520833333333334,0.0736142530241211,0.8214285714285714,1.0
Random Forest,LIME,147,115,0.7158500700946993,0.68490226167542,0.033970297133074985,0.05,0.9761904761904763,0.027147033930931826,0.95,0.11902380714238082,0.9690476190476189,0.06312330911949256,0.8095238095238095,1.0
Random Forest,LIME,148,86,0.3852229031051457,0.41794092526843374,0.0489205770067679,0.05,0.9869047619047621,0.01592748590507098,0.9,0.1527525231651947,0.9467261904761906,0.07946985890925373,0.8214285714285714,1.0
Random Forest,LIME,149,32,0.026454176707134246,0.019098989122633463,0.007788179273358123,0.0,0.9904761904761905,0.011664236870396045,1.0,0.0,0.9976190476190476,0.0029160592175990112,0.9940476190476191,1.0
Random Forest,LIME,150,637,0.1171002123564032,0.11775389194126692,0.02519360440751877,0.0,0.9952380952380953,0.00952380952380949,1.0,0.0,0.9988095238095239,0.0023809523809523725,0.9940476190476191,1.0
Random Forest,LIME,151,593,0.11543913193437633,0.11797633623268851,0.03595246285510473,0.0,0.9904761904761905,0.011664236870396045,1.0,0.0,0.9976190476190478,0.0029160592175990112,0.9940476190476191,1.0
Random Forest,LIME,152,425,0.860788904289329,0.8527110824170366,0.017895655657766928,0.0,0.9988095238095237,0.005189165408976974,1.0,0.0,0.9997023809523811,0.0012972913522442437,0.9940476190476191,1.0
Random Forest,LIME,153,273,0.17179186075618,0.17091171744786676,0.009011287213243156,0.0,0.9976190476190474,0.0071428571428571175,1.0,0.0,0.999404761904762,0.0017857142857142794,0.9940476190476191,1.0
XGBoost,SHAP,0,44,0.6617655754089355,0.6105672717094421,0.0618816502392292,0.05,0.9511904761904763,0.038740809750649974,0.7999999999999999,0.16329931618554525,0.8877976190476191,0.08883367713810766,0.8095238095238095,1.0
XGBoost,SHAP,1,672,0.19221806526184082,0.1893005669116974,0.00818915106356144,0.0,0.9392857142857144,0.044844781432946096,0.8666666666666666,0.16329931618554522,0.9181547619047621,0.08912435816779195,0.8095238095238095,1.0
XGBoost,SHAP,2,700,0.20561514794826508,0.22603996098041534,0.024146949872374535,0.0,0.8214285714285715,0.10845754260886067,0.9833333333333334,0.07264831572567791,0.9470238095238095,0.05825736063389083,0.7083333333333333,1.0
XGBoost,SHAP,3,630,0.33995795249938965,0.30721646547317505,0.0797024816274643,0.0,0.9047619047619048,0.10268504120403725,0.7166666666666666,0.11902380714238085,0.8345238095238094,0.07206069500200743,0.75,1.0
XGBoost,SHAP,4,81,0.03028864413499832,0.030283275991678238,0.0002104906307067722,0.0,0.9976190476190476,0.007142857142857117,1.0,0.0,0.9994047619047619,0.0017857142857142792,0.9940476190476191,1.0
XGBoost,SHAP,5,389,0.26002779603004456,0.22098922729492188,0.05864105373620987,0.0,0.9571428571428571,0.050843229771577673,0.7999999999999999,0.16329931618554525,0.8892857142857142,0.0766540953905012,0.8273809523809523,1.0
XGBoost,SHAP,6,387,0.4576271176338196,0.4545295238494873,0.017458956688642502,0.0,0.9964285714285716,0.008501700510170029,0.9666666666666666,0.1,0.9824404761904763,0.051702690700035955,0.8273809523809523,1.0
XGBoost,SHAP,7,408,0.7339113354682922,0.7365776300430298,0.013328110799193382,0.0,0.9761904761904759,0.016835875742536817,0.9833333333333332,0.0726483157256779,0.985714285714286,0.039186382358649505,0.8154761904761905,1.0
XGBoost,SHAP,8,163,0.10657510161399841,0.0991164892911911,0.02486291527748108,0.0,0.9119047619047619,0.051121215603771156,0.8333333333333333,0.16666666666666669,0.8946428571428571,0.09217738063719204,0.7916666666666667,0.9940476190476191
XGBoost,SHAP,9,335,0.8780663013458252,0.8768863677978516,0.009654822759330273,0.0,0.975,0.03647988915724892,0.8833333333333334,0.1589898669028243,0.9354166666666666,0.08344539658973492,0.8154761904761905,1.0
XGBoost,SHAP,10,471,0.3703809380531311,0.360149085521698,0.019899971783161163,0.0,0.9583333333333336,0.05922544268491782,0.9333333333333332,0.13333333333333336,0.95625,0.07843320724582295,0.7797619047619048,1.0
XGBoost,SHAP,11,78,0.5003378391265869,0.49312764406204224,0.043809372931718826,0.5,0.9476190476190475,0.04856209060564554,0.9,0.1527525231651947,0.9369047619047619,0.08630747123996123,0.7976190476190477,1.0
XGBoost,SHAP,12,307,0.08499997109174728,0.08208437263965607,0.008675260469317436,0.0,0.9321428571428569,0.12400968252739064,0.9,0.1527525231651947,0.9330357142857144,0.10225066114251599,0.7440476190476191,1.0
XGBoost,SHAP,13,392,0.07275889068841934,0.07098358869552612,0.013289431110024452,0.0,0.8607142857142858,0.10681829146869111,0.8166666666666667,0.16583123951777,0.8735119047619048,0.10452955497280084,0.7440476190476191,1.0
XGBoost,SHAP,14,678,0.1696607917547226,0.17104914784431458,0.006184946745634079,0.0,0.979761904761905,0.022930190814593094,1.0,0.0,0.9949404761904761,0.00573254770364826,0.9880952380952381,1.0
XGBoost,SHAP,15,116,0.34241434931755066,0.3696979880332947,0.03237443417310715,0.0,0.9083333333333332,0.0761439590140351,0.7833333333333332,0.1589898669028243,0.86875,0.09672344318442784,0.7797619047619048,1.0
XGBoost,SHAP,16,660,0.7401439547538757,0.7347161769866943,0.024497225880622864,0.0,0.9488095238095239,0.05989172013383458,0.9333333333333332,0.16996731711975951,0.9538690476190477,0.09832920765587043,0.6130952380952381,1.0
XGBoost,SHAP,17,742,0.09078144282102585,0.08683779835700989,0.010392309166491032,0.0,0.9523809523809523,0.06344244092606774,0.9333333333333333,0.13333333333333333,0.9547619047619049,0.0720557780291927,0.7916666666666667,1.0
XGBoost,SHAP,18,260,0.8030340671539307,0.8121417164802551,0.012841751798987389,0.0,0.879761904761905,0.11724226328129175,0.7999999999999999,0.16329931618554525,0.8699404761904763,0.10218827037405426,0.7380952380952381,1.0
XGBoost,SHAP,19,533,0.2248755693435669,0.21221208572387695,0.031817179173231125,0.0,0.7083333333333335,0.1501841273532045,0.9,0.1527525231651947,0.8770833333333334,0.10375385890154376,0.6845238095238095,0.9940476190476191
XGBoost,SHAP,20,140,0.15908995270729065,0.15942613780498505,0.005573374684900045,0.0,0.9547619047619046,0.04573660169594888,0.95,0.11902380714238084,0.9636904761904763,0.06630695899972629,0.7976190476190477,1.0
XGBoost,SHAP,21,13,0.7906826138496399,0.7683788537979126,0.04428814351558685,0.0,0.9773809523809524,0.009144221128414991,1.0,0.0,0.9943452380952381,0.0022860552821037444,0.9880952380952381,1.0
XGBoost,SHAP,22,17,0.31322360038757324,0.2996065318584442,0.0385231152176857,0.0,0.9547619047619047,0.04573660169594892,0.9,0.1527525231651947,0.9386904761904763,0.0860957944830315,0.7976190476190477,1.0
XGBoost,SHAP,23,245,0.8774474263191223,0.8574745059013367,0.029461944475769997,0.0,0.9845238095238095,0.017292665531349893,1.0,0.0,0.9961309523809524,0.00432316638283747,0.9821428571428572,1.0
XGBoost,SHAP,24,517,0.5131827592849731,0.5228473544120789,0.04517330601811409,0.4,0.8452380952380952,0.14414105588252676,0.7666666666666665,0.1527525231651947,0.8446428571428573,0.10393511679601537,0.7380952380952381,1.0
XGBoost,SHAP,25,62,0.06070063263177872,0.060907889157533646,0.00041699985740706325,0.0,0.9928571428571429,0.021428571428571384,1.0,0.0,0.9982142857142857,0.005357142857142838,0.9821428571428572,1.0
XGBoost,SHAP,26,480,0.7648981213569641,0.7279052734375,0.06781498342752457,0.0,0.9749999999999999,0.034069257193462314,0.95,0.11902380714238084,0.96875,0.06702378309227255,0.7976190476190477,1.0
XGBoost,SHAP,27,629,0.02314933016896248,0.02278314344584942,0.00036618782905861735,0.0,0.9976190476190476,0.007142857142857117,1.0,0.0,0.9994047619047619,0.0017857142857142792,0.9940476190476191,1.0
XGBoost,SHAP,28,64,0.40358904004096985,0.4062417149543762,0.027400657534599304,0.0,0.9678571428571427,0.036324157862838935,0.9166666666666666,0.14433756729740646,0.950297619047619,0.0800429262313825,0.8035714285714286,1.0
XGBoost,SHAP,29,3,0.04656994715332985,0.0433146134018898,0.004106048494577408,0.0,0.9726190476190475,0.03129390340022599,0.9333333333333332,0.13333333333333336,0.9598214285714286,0.07374409061993066,0.8095238095238095,1.0
XGBoost,SHAP,30,158,0.05322781950235367,0.05146687477827072,0.0032820641063153744,0.0,0.9714285714285713,0.0497157452805264,0.9833333333333332,0.0726483157256779,0.9845238095238097,0.03941177466011155,0.8214285714285714,1.0
XGBoost,SHAP,31,83,0.03472620248794556,0.030386075377464294,0.005513094365596771,0.0,0.980952380952381,0.02075666163590794,1.0,0.0,0.995238095238095,0.005189165408976974,0.9880952380952381,1.0
XGBoost,SHAP,32,437,0.4398612380027771,0.46580997109413147,0.07434798777103424,0.5,0.975,0.03647988915724894,0.9166666666666666,0.14433756729740646,0.9520833333333332,0.07656333153558344,0.8095238095238095,1.0
XGBoost,SHAP,33,153,0.5577130913734436,0.5856386423110962,0.03751278296113014,0.0,0.9904761904761905,0.023084189797220572,0.95,0.11902380714238082,0.9726190476190476,0.06518876306490233,0.8154761904761905,1.0
XGBoost,SHAP,34,469,0.8129462003707886,0.8303410410881042,0.04480597376823425,0.0,0.9678571428571431,0.03129390340022597,0.95,0.11902380714238082,0.9669642857142857,0.06475454593170167,0.8095238095238095,1.0
XGBoost,SHAP,35,124,0.14320378005504608,0.1465209424495697,0.010499601252377033,0.0,0.9845238095238095,0.021658815950786,0.8833333333333334,0.1589898669028243,0.9377976190476192,0.08300263891523828,0.8095238095238095,1.0
XGBoost,SHAP,36,305,0.25262385606765747,0.25011080503463745,0.018807251006364822,0.0,0.944047619047619,0.0500991081250019,0.9666666666666666,0.1,0.9693452380952381,0.058147023903970245,0.7976190476190477,1.0
XGBoost,SHAP,37,767,0.07992739975452423,0.07273722440004349,0.00775547930970788,0.0,0.9666666666666668,0.04082482904638627,0.9,0.1527525231651947,0.9416666666666667,0.08300530677240435,0.8095238095238095,1.0
XGBoost,SHAP,38,746,0.7648208737373352,0.7548620700836182,0.011726838536560535,0.0,0.9785714285714286,0.053186447389734895,0.95,0.11902380714238082,0.9696428571428571,0.062027693873432356,0.8214285714285714,1.0
XGBoost,SHAP,39,345,0.5678180456161499,0.5640202760696411,0.050475649535655975,0.1,0.8630952380952384,0.09579450559185167,0.9,0.1527525231651947,0.9157738095238095,0.09078649403958719,0.7440476190476191,0.9940476190476191
XGBoost,SHAP,40,745,0.4258730113506317,0.3684290945529938,0.06634735316038132,0.0,0.8321428571428571,0.1145520210772373,1.0,0.0,0.9580357142857142,0.028638005269309322,0.9107142857142857,1.0
XGBoost,SHAP,41,596,0.21047961711883545,0.223831444978714,0.03538389131426811,0.0,0.982142857142857,0.01276643487471855,1.0,0.0,0.9955357142857144,0.003191608718679634,0.9880952380952381,1.0
XGBoost,SHAP,42,279,0.05560888350009918,0.06065317988395691,0.005044297315180302,0.0,0.9952380952380953,0.020756661635907975,1.0,0.0,0.9988095238095237,0.005189165408976998,0.9761904761904762,1.0
XGBoost,SHAP,43,264,0.34241434931755066,0.34887635707855225,0.013266755267977715,0.0,0.9595238095238094,0.0630390585470177,0.8833333333333334,0.1589898669028243,0.9315476190476192,0.0925303314859401,0.7916666666666667,1.0
XGBoost,SHAP,44,380,0.19466447830200195,0.19743548333644867,0.01400095783174038,0.0,0.9869047619047618,0.03147453349143399,1.0,0.0,0.9967261904761905,0.007868633372858497,0.9642857142857143,1.0
XGBoost,SHAP,45,560,0.4063393771648407,0.38956159353256226,0.035303786396980286,0.0,0.9833333333333332,0.015245533898649606,0.7999999999999999,0.16329931618554525,0.8958333333333334,0.08506908290450271,0.8214285714285714,1.0
XGBoost,SHAP,46,276,0.09448443353176117,0.10232102870941162,0.026845300570130348,0.0,0.9571428571428571,0.04428827437556727,0.8833333333333334,0.1589898669028243,0.9309523809523809,0.0881555456381354,0.7916666666666667,1.0
XGBoost,SHAP,47,501,0.11272373050451279,0.11460714042186737,0.015524951741099358,0.0,0.9392857142857144,0.038002118332172284,0.8166666666666667,0.16583123951777,0.8931547619047618,0.08283171732912226,0.8095238095238095,1.0
XGBoost,SHAP,48,415,0.7389344573020935,0.7417112588882446,0.00997712928801775,0.0,0.9714285714285715,0.07046975517594635,0.9,0.1527525231651947,0.9428571428571431,0.08837632120460699,0.7738095238095238,1.0
XGBoost,SHAP,49,535,0.37844324111938477,0.4147936701774597,0.06696805357933044,0.15,0.8714285714285716,0.10947203745307281,0.8833333333333332,0.1589898669028243,0.9095238095238095,0.1008151301947802,0.7559523809523809,1.0
XGBoost,SHAP,50,558,0.5555031299591064,0.49027958512306213,0.08249126374721527,0.4,0.9809523809523808,0.02332847374079214,0.9,0.1527525231651947,0.9452380952380952,0.08173639949415179,0.8154761904761905,1.0
XGBoost,SHAP,51,484,0.754826009273529,0.7460182309150696,0.009974035434424877,0.0,0.963095238095238,0.03147453349143397,1.0,0.0,0.9907738095238094,0.007868633372858485,0.9761904761904762,1.0
XGBoost,SHAP,52,428,0.4235149621963501,0.4206417500972748,0.032661594450473785,0.0,0.9404761904761905,0.06046869094857281,0.9,0.1527525231651947,0.9351190476190476,0.08858654824866043,0.7857142857142858,1.0
XGBoost,SHAP,53,89,0.03885718435049057,0.052335359156131744,0.015231097117066383,0.0,0.9797619047619047,0.035535265610950675,0.9833333333333332,0.0726483157256779,0.9866071428571429,0.0436953010830077,0.7976190476190477,1.0
XGBoost,SHAP,54,756,0.6424821615219116,0.633276104927063,0.01584314927458763,0.0,0.9690476190476189,0.05329292687047469,0.8833333333333332,0.1589898669028243,0.9339285714285716,0.08985729742334096,0.7916666666666667,1.0
XGBoost,SHAP,55,531,0.3130265474319458,0.3462722599506378,0.07566607743501663,0.0,0.982142857142857,0.014821309045224652,0.9833333333333332,0.0726483157256779,0.9872023809523812,0.03685071887846167,0.8273809523809523,1.0
XGBoost,SHAP,56,712,0.6316016316413879,0.6170827150344849,0.01794637367129326,0.0,0.9904761904761903,0.017496355305594086,1.0,0.0,0.9976190476190476,0.004374088826398516,0.9821428571428572,1.0
XGBoost,SHAP,57,532,0.2721918821334839,0.26102927327156067,0.02346121333539486,0.0,0.9226190476190477,0.06515070615481962,1.0,0.0,0.9806547619047621,0.016287676538704905,0.9583333333333334,1.0
XGBoost,SHAP,58,355,0.859381377696991,0.8487765192985535,0.030902722850441933,0.0,0.9452380952380952,0.0807771212080351,1.0,0.0,0.9863095238095241,0.02019428030200879,0.9345238095238095,1.0
XGBoost,SHAP,59,713,0.10912814736366272,0.10157017409801483,0.019002150744199753,0.0,0.8785714285714284,0.13360940806283997,0.9,0.1527525231651947,0.9196428571428571,0.08821782012069938,0.7321428571428572,1.0
XGBoost,SHAP,60,440,0.8547934889793396,0.8504461050033569,0.005486646201461554,0.0,0.9833333333333332,0.015245533898649606,1.0,0.0,0.9958333333333333,0.0038113834746623964,0.9880952380952381,1.0
XGBoost,SHAP,61,311,0.22179870307445526,0.2261940985918045,0.00902458094060421,0.0,0.9904761904761905,0.021821789023599228,1.0,0.0,0.9976190476190476,0.005455447255899813,0.9761904761904762,1.0
XGBoost,SHAP,62,494,0.031314268708229065,0.03134196251630783,0.0002506360469851643,0.0,0.9976190476190476,0.007142857142857117,1.0,0.0,0.9994047619047619,0.0017857142857142792,0.9940476190476191,1.0
XGBoost,SHAP,63,235,0.8490263819694519,0.8510836362838745,0.012563305906951427,0.0,0.9666666666666666,0.04479735171958754,0.9166666666666667,0.14433756729740646,0.95,0.07953503627625283,0.8035714285714286,1.0
XGBoost,SHAP,64,650,0.021144580096006393,0.022054754197597504,0.0009101756731979549,0.0,0.9976190476190476,0.007142857142857117,1.0,0.0,0.9994047619047619,0.0017857142857142792,0.9940476190476191,1.0
XGBoost,SHAP,65,724,0.33433085680007935,0.33823829889297485,0.012957612052559853,0.0,0.9714285714285712,0.03417309546287456,0.95,0.11902380714238082,0.9678571428571431,0.06045111028503844,0.8214285714285714,1.0
XGBoost,SHAP,66,332,0.8671788573265076,0.8655301332473755,0.009269321337342262,0.0,0.9833333333333334,0.013256581816261923,0.9666666666666666,0.1,0.9791666666666667,0.051669272482016464,0.8214285714285714,1.0
XGBoost,SHAP,67,418,0.03223031014204025,0.032712213695049286,0.002377648139372468,0.0,0.9773809523809524,0.032362564807305184,0.9833333333333334,0.0726483157256779,0.9860119047619049,0.04342689239392103,0.7976190476190477,1.0
XGBoost,SHAP,68,410,0.2873949408531189,0.2656749188899994,0.06569941341876984,0.0,0.9333333333333333,0.03333333333333335,0.8333333333333333,0.1666666666666667,0.9,0.08492527060481815,0.8035714285714286,0.9940476190476191
XGBoost,SHAP,69,743,0.7383716106414795,0.7382789850234985,0.0107957748696208,0.0,0.9642857142857144,0.03571428571428566,0.8333333333333333,0.16666666666666669,0.9077380952380952,0.09172269468941936,0.8095238095238095,1.0
XGBoost,SHAP,70,419,0.09465853124856949,0.09341099113225937,0.018573425710201263,0.0,0.8452380952380955,0.09831344200982178,0.7,0.20816659994661327,0.8113095238095237,0.12451863095851284,0.6011904761904762,1.0
XGBoost,SHAP,71,527,0.041744668036699295,0.049528930336236954,0.009611268527805805,0.0,0.9785714285714284,0.03523487758797318,0.9833333333333332,0.0726483157256779,0.9863095238095241,0.043623277763274404,0.7976190476190477,1.0
XGBoost,SHAP,72,351,0.4618019759654999,0.46493467688560486,0.023357627913355827,0.1,0.9869047619047621,0.014035507288751864,1.0,0.0,0.9967261904761905,0.0035088768221879624,0.9880952380952381,1.0
XGBoost,SHAP,73,618,0.5724650621414185,0.5591863393783569,0.018981540575623512,0.05,0.9833333333333334,0.0568943006921358,0.95,0.11902380714238082,0.9708333333333332,0.06946456624581214,0.7678571428571428,1.0
XGBoost,SHAP,74,407,0.040764521807432175,0.03574773669242859,0.0051910411566495895,0.0,0.9607142857142854,0.03709627726400687,1.0,0.0,0.9901785714285717,0.009274069316001728,0.9702380952380952,1.0
XGBoost,SHAP,75,243,0.24349302053451538,0.2360915243625641,0.03945758566260338,0.0,0.9880952380952379,0.011904761904761862,0.9833333333333332,0.0726483157256779,0.9886904761904762,0.0371201472087354,0.8273809523809523,1.0
XGBoost,SHAP,76,190,0.040428563952445984,0.04173252731561661,0.0019235685467720032,0.0,0.980952380952381,0.027766437594501397,1.0,0.0,0.9952380952380953,0.006941609398625348,0.9761904761904762,1.0
XGBoost,SHAP,77,187,0.5506840348243713,0.5020599961280823,0.052283693104982376,0.45,0.9666666666666666,0.03868589716493312,0.9000000000000001,0.1527525231651947,0.9416666666666667,0.08471641368884379,0.8035714285714286,1.0
XGBoost,SHAP,78,496,0.07852885127067566,0.08588294684886932,0.018558261916041374,0.0,0.9428571428571428,0.05450249115361709,0.7999999999999999,0.16329931618554525,0.8857142857142858,0.08979221415777658,0.7738095238095238,1.0
XGBoost,SHAP,79,441,0.07028481364250183,0.07236362993717194,0.005632028914988041,0.0,0.8892857142857146,0.07114029127775551,1.0,0.0,0.9723214285714287,0.017785072819438887,0.9464285714285714,1.0
XGBoost,SHAP,80,430,0.03156478330492973,0.03608543425798416,0.004648265894502401,0.0,0.9892857142857142,0.01761743879398657,1.0,0.0,0.9973214285714287,0.004404359698496633,0.9880952380952381,1.0
XGBoost,SHAP,81,698,0.36131858825683594,0.3574299216270447,0.06557688862085342,0.0,0.8988095238095237,0.07137895101867267,0.7999999999999999,0.16329931618554525,0.8747023809523808,0.09522832911236485,0.7797619047619048,1.0
XGBoost,SHAP,82,513,0.04687502980232239,0.047220028936862946,0.01213927287608385,0.0,0.9654761904761905,0.017617438793986584,1.0,0.0,0.9913690476190476,0.004404359698496634,0.9821428571428572,1.0
XGBoost,SHAP,83,304,0.190151184797287,0.2240004539489746,0.04810228943824768,0.0,0.9976190476190474,0.0071428571428571175,1.0,0.0,0.999404761904762,0.0017857142857142796,0.9940476190476191,1.0
XGBoost,SHAP,84,82,0.24659565091133118,0.25616735219955444,0.012686485424637794,0.0,0.9821428571428571,0.019741814228305916,0.9666666666666666,0.1,0.9788690476190478,0.052653343434486036,0.8214285714285714,1.0
XGBoost,SHAP,85,563,0.08078500628471375,0.1057715192437172,0.04330236464738846,0.0,0.936904761904762,0.08013417036926863,0.95,0.11902380714238082,0.9592261904761905,0.07637336216146182,0.7619047619047619,1.0
XGBoost,SHAP,86,722,0.447810560464859,0.44722017645835876,0.06619322299957275,0.2,0.963095238095238,0.03147453349143402,1.0,0.0,0.9907738095238097,0.007868633372858504,0.9642857142857143,1.0
XGBoost,SHAP,87,199,0.4280824661254883,0.43004950881004333,0.010568532161414623,0.0,0.9916666666666668,0.013625622788404252,1.0,0.0,0.9979166666666668,0.0034064056971010587,0.9880952380952381,1.0
XGBoost,SHAP,88,112,0.06119352579116821,0.06435380131006241,0.0036876858212053776,0.0,0.9511904761904763,0.0484890758438483,1.0,0.0,0.9877976190476192,0.012122268960962083,0.9464285714285714,1.0
XGBoost,SHAP,89,162,0.18769070506095886,0.20816051959991455,0.025968197733163834,0.0,0.9821428571428571,0.018249654424709365,0.9333333333333333,0.13333333333333336,0.9622023809523812,0.06972865593989086,0.8214285714285714,1.0
XGBoost,SHAP,90,24,0.6462668180465698,0.6487761735916138,0.008693033829331398,0.0,0.9630952380952381,0.04356232015126659,0.9833333333333332,0.0726483157256779,0.9824404761904763,0.043353401619397616,0.7976190476190477,1.0
XGBoost,SHAP,91,215,0.740547776222229,0.7607816457748413,0.021337825804948807,0.0,0.9797619047619047,0.02413468444370625,0.9333333333333333,0.13333333333333333,0.9616071428571429,0.06883884179339296,0.8154761904761905,1.0
XGBoost,SHAP,92,42,0.14450053870677948,0.13576357066631317,0.01554880477488041,0.0,0.980952380952381,0.019342948582466542,1.0,0.0,0.9952380952380953,0.004835737145616626,0.9880952380952381,1.0
XGBoost,SHAP,93,366,0.19515398144721985,0.1747901737689972,0.04104631766676903,0.0,0.9083333333333332,0.07539578111223338,0.7,0.10000000000000002,0.8270833333333334,0.05676571350876101,0.7619047619047619,0.9940476190476191
XGBoost,SHAP,94,402,0.4643975496292114,0.45762577652931213,0.026025449857115746,0.1,0.9166666666666667,0.07806474433692853,0.7833333333333332,0.1589898669028243,0.8708333333333333,0.09555564619254256,0.7738095238095238,1.0
XGBoost,SHAP,95,88,0.5657147169113159,0.559666097164154,0.020431149750947952,0.0,0.9023809523809525,0.10402882035692128,0.8166666666666667,0.16583123951777,0.8839285714285714,0.10399645958128662,0.7619047619047619,1.0
XGBoost,SHAP,96,486,0.5290992856025696,0.5132204294204712,0.025071928277611732,0.2,0.9785714285714284,0.045736601695948884,1.0,0.0,0.9946428571428572,0.01143415042398722,0.9642857142857143,1.0
XGBoost,SHAP,97,436,0.6283090710639954,0.6122244596481323,0.02223360538482666,0.0,0.894047619047619,0.05951190357119041,0.7166666666666666,0.11902380714238085,0.8318452380952379,0.06775982474303154,0.7797619047619048,0.9940476190476191
XGBoost,SHAP,98,399,0.7684535980224609,0.7438872456550598,0.026976892724633217,0.0,0.9583333333333334,0.03678937414372006,0.9666666666666666,0.1,0.9729166666666668,0.055054697343155795,0.8095238095238095,1.0
XGBoost,SHAP,99,488,0.03261316195130348,0.03782075643539429,0.008554545231163502,0.0,0.95,0.03831780223674063,0.7833333333333332,0.1589898669028243,0.8791666666666667,0.08293057433015981,0.7916666666666667,1.0
XGBoost,SHAP,100,615,0.046682603657245636,0.049596887081861496,0.011752980761229992,0.0,0.9738095238095237,0.043186564636231065,0.9333333333333333,0.13333333333333333,0.9601190476190476,0.0749172824276829,0.7976190476190477,1.0
XGBoost,SHAP,101,481,0.2544947564601898,0.27278268337249756,0.04372067004442215,0.0,0.8619047619047621,0.09718253158075502,0.9,0.1527525231651947,0.9154761904761903,0.09756458992046864,0.7380952380952381,1.0
XGBoost,SHAP,102,139,0.1495804637670517,0.14650163054466248,0.02437579073011875,0.0,0.9678571428571427,0.027432663385245006,0.7999999999999999,0.16329931618554525,0.8919642857142858,0.08595524579713187,0.8095238095238095,1.0
XGBoost,SHAP,103,570,0.14322304725646973,0.14471560716629028,0.00537292193621397,0.0,0.994047619047619,0.010309826235528995,0.95,0.11902380714238084,0.9735119047619047,0.0614127367464916,0.8273809523809523,1.0
XGBoost,SHAP,104,300,0.9048407673835754,0.8920092582702637,0.012831509113311768,0.0,0.9440476190476194,0.05285231638195977,1.0,0.0,0.9860119047619049,0.013213079095489943,0.9583333333333334,1.0
XGBoost,SHAP,105,736,0.1343812793493271,0.12308577448129654,0.04535553604364395,0.0,0.8940476190476192,0.06453874365918949,0.8833333333333332,0.1589898669028243,0.9151785714285714,0.08578194667459724,0.7738095238095238,1.0
XGBoost,SHAP,106,445,0.8743423819541931,0.8682268261909485,0.006402140948921442,0.0,0.975,0.023176098016585444,0.9833333333333334,0.0726483157256779,0.9854166666666668,0.03804288627516484,0.8214285714285714,1.0
XGBoost,SHAP,107,447,0.10080103576183319,0.10501740872859955,0.00856715627014637,0.0,0.9464285714285714,0.05154913117764511,0.9833333333333334,0.0726483157256779,0.9782738095238097,0.04073251297647476,0.8095238095238095,1.0
XGBoost,SHAP,108,489,0.7440780401229858,0.7442527413368225,0.005253753159195185,0.0,0.994047619047619,0.021128856368212906,1.0,0.0,0.9985119047619048,0.005282214092053233,0.9761904761904762,1.0
XGBoost,SHAP,109,330,0.25950658321380615,0.25441795587539673,0.00607783067971468,0.0,0.9916666666666668,0.0172926655313499,0.9166666666666666,0.14433756729740646,0.95625,0.07581461886892504,0.8154761904761905,1.0
XGBoost,SHAP,110,144,0.3908846378326416,0.4769147038459778,0.10130776464939117,0.5,0.9916666666666668,0.017292665531349897,0.9666666666666666,0.1,0.9812500000000002,0.05145539837122974,0.8273809523809523,1.0
XGBoost,SHAP,111,185,0.9125188589096069,0.9077433347702026,0.007018858101218939,0.0,0.9404761904761904,0.03238445359222723,0.7499999999999999,0.14433756729740646,0.8601190476190474,0.0788437740278067,0.8035714285714286,1.0
XGBoost,SHAP,112,584,0.5275819301605225,0.5208061933517456,0.02796485461294651,0.25,0.9357142857142857,0.06863588240666459,0.7999999999999999,0.16329931618554525,0.8839285714285715,0.09541464290994675,0.7738095238095238,1.0
XGBoost,SHAP,113,164,0.5851848125457764,0.5296680927276611,0.06130629777908325,0.2,0.9035714285714287,0.07471601564053905,0.8333333333333333,0.1666666666666667,0.8925595238095237,0.09810554947539145,0.7738095238095238,1.0
XGBoost,SHAP,114,309,0.4021635353565216,0.44923296570777893,0.049185384064912796,0.2,0.9285714285714286,0.06563832739090579,0.9,0.1527525231651947,0.9321428571428572,0.0774816195012999,0.7976190476190477,1.0
XGBoost,SHAP,115,127,0.1611260622739792,0.15472236275672913,0.006403693463653326,0.0,0.9904761904761905,0.01388321879725068,0.9333333333333333,0.13333333333333333,0.9642857142857144,0.06923721915997785,0.8214285714285714,1.0
XGBoost,SHAP,116,763,0.29670611023902893,0.2680457532405853,0.03960515558719635,0.0,0.9619047619047617,0.030491067797299223,1.0,0.0,0.9904761904761907,0.007622766949324794,0.9821428571428572,1.0
XGBoost,SHAP,117,310,0.0625029057264328,0.06761208921670914,0.010477778501808643,0.0,0.9738095238095236,0.0368086305565245,1.0,0.0,0.993452380952381,0.009202157639131127,0.9702380952380952,1.0
XGBoost,SHAP,118,740,0.6709587574005127,0.6573008298873901,0.019661899656057358,0.0,0.8904761904761905,0.07802842670559013,0.7833333333333332,0.1589898669028243,0.8642857142857144,0.09846828627208122,0.7797619047619048,1.0
XGBoost,SHAP,119,347,0.0643373504281044,0.06288278102874756,0.00200637336820364,0.0,0.9916666666666668,0.013625622788404252,1.0,0.0,0.9979166666666668,0.0034064056971010582,0.9880952380952381,1.0
XGBoost,SHAP,120,247,0.8737770915031433,0.8790121078491211,0.007714071776717901,0.0,0.95,0.04931503613620944,1.0,0.0,0.9875000000000002,0.012328759034052358,0.9583333333333334,1.0
XGBoost,SHAP,121,6,0.06672509014606476,0.0655004158616066,0.004046977031975985,0.0,0.9928571428571429,0.021428571428571384,1.0,0.0,0.9982142857142857,0.005357142857142838,0.9821428571428572,1.0
XGBoost,SHAP,122,674,0.2667502164840698,0.26913899183273315,0.01655658707022667,0.0,0.9797619047619047,0.030374644814697736,0.9666666666666666,0.1,0.9782738095238095,0.05462829845477061,0.8154761904761905,1.0
XGBoost,SHAP,123,258,0.6074137687683105,0.6132842898368835,0.012809207662940025,0.0,0.9976190476190476,0.007142857142857117,1.0,0.0,0.9994047619047619,0.0017857142857142792,0.9940476190476191,1.0
XGBoost,SHAP,124,198,0.2416432648897171,0.24414758384227753,0.00811256468296051,0.0,0.9845238095238095,0.013625622788404249,0.9666666666666666,0.1,0.9794642857142858,0.050804016024500354,0.8273809523809523,1.0
XGBoost,SHAP,125,238,0.8831433057785034,0.8652240037918091,0.02223183773458004,0.0,0.982142857142857,0.018249654424709355,0.9833333333333334,0.07264831572567791,0.9872023809523812,0.0395407934679182,0.8154761904761905,1.0
XGBoost,SHAP,126,417,0.639927327632904,0.6272232532501221,0.013940602540969849,0.0,0.9726190476190476,0.03305581756408288,0.9166666666666666,0.14433756729740646,0.9514880952380953,0.07870378012312328,0.8095238095238095,1.0
XGBoost,SHAP,127,699,0.3606719970703125,0.3683938682079315,0.025872450321912766,0.05,0.9904761904761905,0.011664236870396045,0.9166666666666666,0.14433756729740646,0.955952380952381,0.07425938177976524,0.8273809523809523,1.0
XGBoost,SHAP,128,205,0.05350466072559357,0.052257735282182693,0.0068176016211509705,0.0,0.9392857142857143,0.03147453349143401,0.9833333333333332,0.0726483157256779,0.9764880952380954,0.03905392479572461,0.8095238095238095,1.0
XGBoost,SHAP,129,543,0.07868215441703796,0.07569421082735062,0.0037220418453216553,0.0,0.9535714285714286,0.03489131164226864,0.7999999999999999,0.16329931618554525,0.8883928571428571,0.08884564167260929,0.8095238095238095,1.0
XGBoost,SHAP,130,554,0.10602115839719772,0.11639095842838287,0.015609880909323692,0.0,0.8821428571428573,0.08160625281720885,0.9333333333333333,0.13333333333333333,0.9372023809523811,0.07980353835238191,0.7678571428571428,1.0
XGBoost,SHAP,131,244,0.5556524395942688,0.5265284776687622,0.0351177453994751,0.25,0.9154761904761906,0.05855158393979968,0.8166666666666667,0.16583123951777,0.8872023809523808,0.0853388562134424,0.7857142857142858,1.0
XGBoost,SHAP,132,94,0.1289137303829193,0.13168981671333313,0.007172009442001581,0.0,0.994047619047619,0.010309826235528995,1.0,0.0,0.9985119047619049,0.0025774565588822487,0.9940476190476191,1.0
XGBoost,SHAP,133,424,0.7495403289794922,0.7453208565711975,0.023767519742250443,0.0,0.9738095238095239,0.03905052254013503,1.0,0.0,0.9934523809523809,0.009762630635033756,0.9642857142857143,1.0
XGBoost,SHAP,134,212,0.8186073899269104,0.8060653805732727,0.013258049264550209,0.0,0.9583333333333333,0.03903237216846424,0.9833333333333332,0.0726483157256779,0.9812500000000002,0.03794030062564906,0.8214285714285714,1.0
XGBoost,SHAP,135,697,0.03249973803758621,0.03656802326440811,0.004386549815535545,0.0,0.9904761904761905,0.015793451382644732,1.0,0.0,0.9976190476190476,0.003948362845661176,0.9880952380952381,1.0
XGBoost,SHAP,136,679,0.04507467895746231,0.04440557211637497,0.004729061387479305,0.0,0.9380952380952381,0.07038926428140224,1.0,0.0,0.9845238095238097,0.01759731607035056,0.9583333333333334,1.0
XGBoost,SHAP,137,589,0.035615451633930206,0.033522751182317734,0.0030028377659618855,0.0,0.980952380952381,0.014285714285714256,0.9833333333333332,0.0726483157256779,0.9869047619047621,0.03677010764638216,0.8273809523809523,1.0
XGBoost,SHAP,138,421,0.029494985938072205,0.033014584332704544,0.005151639226824045,0.0,0.9928571428571429,0.03113499245386194,1.0,0.0,0.9982142857142857,0.007783748113465485,0.9642857142857143,1.0
XGBoost,SHAP,139,734,0.13398444652557373,0.12905609607696533,0.006952453404664993,0.0,0.9821428571428573,0.024829349541207375,1.0,0.0,0.9955357142857144,0.006207337385301844,0.9761904761904762,1.0
XGBoost,SHAP,140,268,0.034570880234241486,0.03099777176976204,0.0046438067220151424,0.0,0.9821428571428571,0.022430290096924696,1.0,0.0,0.9955357142857142,0.005607572524231162,0.9880952380952381,1.0
XGBoost,SHAP,141,635,0.3838358223438263,0.3856734037399292,0.021232983097434044,0.0,0.982142857142857,0.021128856368212868,1.0,0.0,0.9955357142857144,0.00528221409205321,0.9821428571428572,1.0
XGBoost,SHAP,142,87,0.13026845455169678,0.12035246193408966,0.01668260619044304,0.0,0.9773809523809524,0.029618703106249342,1.0,0.0,0.9943452380952381,0.00740467577656234,0.9761904761904762,1.0
XGBoost,SHAP,143,75,0.021471712738275528,0.021458813920617104,0.00014146362082101405,0.0,0.9976190476190474,0.0071428571428571175,1.0,0.0,0.999404761904762,0.0017857142857142796,0.9940476190476191,1.0
XGBoost,SHAP,144,537,0.08421042561531067,0.08251610398292542,0.002189572434872389,0.0,0.9904761904761903,0.025421614885788816,1.0,0.0,0.9976190476190476,0.006355403721447206,0.9761904761904762,1.0
XGBoost,SHAP,145,38,0.13094599545001984,0.149152472615242,0.02054547518491745,0.0,0.9476190476190475,0.055634864026418644,0.9666666666666666,0.1,0.9702380952380955,0.06119672934511845,0.7797619047619048,1.0
XGBoost,SHAP,146,298,0.4422284662723541,0.40842288732528687,0.04553794115781784,0.0,0.9785714285714284,0.012821820969367844,0.9666666666666666,0.1,0.9779761904761907,0.05223532245104483,0.8214285714285714,1.0
XGBoost,SHAP,147,115,0.6149665713310242,0.6019541025161743,0.022668125107884407,0.05,0.9797619047619047,0.033055817564082886,0.9333333333333333,0.13333333333333333,0.9616071428571427,0.07459440118540142,0.8095238095238095,1.0
XGBoost,SHAP,148,86,0.3880683481693268,0.3978073298931122,0.022197578102350235,0.0,0.9833333333333332,0.020062261364705576,0.9166666666666666,0.14433756729740646,0.9541666666666668,0.07602055083765091,0.8154761904761905,1.0
XGBoost,SHAP,149,32,0.021867554634809494,0.021817754954099655,8.607935160398483e-05,0.0,0.9976190476190476,0.007142857142857117,1.0,0.0,0.9994047619047619,0.0017857142857142792,0.9940476190476191,1.0
XGBoost,SHAP,150,637,0.11189892888069153,0.10185515880584717,0.012883874587714672,0.0,0.9869047619047621,0.01592748590507098,0.8833333333333332,0.1589898669028243,0.9383928571428571,0.08274184215565099,0.8214285714285714,1.0
XGBoost,SHAP,151,593,0.12332852929830551,0.11593891680240631,0.020887818187475204,0.0,0.9202380952380953,0.0699347768701167,0.9333333333333332,0.13333333333333336,0.9467261904761907,0.07146514440676213,0.7976190476190477,1.0
XGBoost,SHAP,152,425,0.8119360208511353,0.8142539262771606,0.0033542781602591276,0.0,0.9428571428571428,0.07802842670559017,0.9666666666666666,0.1,0.9690476190476189,0.05292600619279028,0.8154761904761905,1.0
XGBoost,SHAP,153,273,0.07597680389881134,0.07690076529979706,0.0009239487117156386,0.0,0.975,0.03406925719346227,1.0,0.0,0.99375,0.008517314298365556,0.9821428571428572,1.0
XGBoost,LIME,0,44,0.6617655754089355,0.6105672717094421,0.0618816502392292,0.05,0.9821428571428573,0.010309826235528995,1.0,0.0,0.9955357142857144,0.0025774565588822483,0.9940476190476191,1.0
XGBoost,LIME,1,672,0.19221806526184082,0.1893005669116974,0.00818915106356144,0.0,0.9392857142857143,0.02864573670360946,0.9333333333333333,0.13333333333333336,0.9514880952380954,0.06690208751645169,0.8095238095238095,0.9940476190476191
XGBoost,LIME,2,700,0.20561514794826508,0.22603996098041534,0.024146949872374535,0.0,0.9785714285714284,0.014869042853329484,1.0,0.0,0.9946428571428573,0.003717260713332367,0.9821428571428572,1.0
XGBoost,LIME,3,630,0.33995795249938965,0.30721646547317505,0.0797024816274643,0.0,0.9880952380952379,0.011904761904761862,1.0,0.0,0.9970238095238096,0.0029761904761904656,0.9940476190476191,1.0
XGBoost,LIME,4,81,0.03028864413499832,0.030283275991678238,0.0002104906307067722,0.0,0.9666666666666665,0.0116642368703961,1.0,0.0,0.9916666666666669,0.0029160592175990112,0.9880952380952381,0.9940476190476191
XGBoost,LIME,5,389,0.26002779603004456,0.22098922729492188,0.05864105373620987,0.0,0.9964285714285716,0.008501700510170029,1.0,0.0,0.9991071428571429,0.0021254251275425076,0.9940476190476191,1.0
XGBoost,LIME,6,387,0.4576271176338196,0.4545295238494873,0.017458956688642502,0.0,0.9916666666666668,0.01135641906448741,0.95,0.11902380714238082,0.9729166666666667,0.061181529594249814,0.8273809523809523,1.0
XGBoost,LIME,7,408,0.7339113354682922,0.7365776300430298,0.013328110799193382,0.0,0.9880952380952379,0.017657615445465822,1.0,0.0,0.9970238095238096,0.00441440386136645,0.9821428571428572,1.0
XGBoost,LIME,8,163,0.10657510161399841,0.0991164892911911,0.02486291527748108,0.0,0.994047619047619,0.010309826235528995,1.0,0.0,0.9985119047619049,0.0025774565588822487,0.9940476190476191,1.0
XGBoost,LIME,9,335,0.8780663013458252,0.8768863677978516,0.009654822759330273,0.0,0.9880952380952379,0.02195129632688778,1.0,0.0,0.9970238095238096,0.005487824081721937,0.9821428571428572,1.0
XGBoost,LIME,10,471,0.3703809380531311,0.360149085521698,0.019899971783161163,0.0,0.9916666666666668,0.01135641906448741,1.0,0.0,0.9979166666666668,0.0028391047661218524,0.9940476190476191,1.0
XGBoost,LIME,11,78,0.5003378391265869,0.49312764406204224,0.043809372931718826,0.5,0.982142857142857,0.014821309045224652,1.0,0.0,0.9955357142857144,0.0037053272613061573,0.9880952380952381,1.0
XGBoost,LIME,12,307,0.08499997109174728,0.08208437263965607,0.008675260469317436,0.0,0.9845238095238095,0.01135641906448741,1.0,0.0,0.9961309523809525,0.002839104766121852,0.9940476190476191,1.0
XGBoost,LIME,13,392,0.07275889068841934,0.07098358869552612,0.013289431110024452,0.0,0.9857142857142858,0.011664236870396045,1.0,0.0,0.9964285714285717,0.0029160592175990112,0.9940476190476191,1.0
XGBoost,LIME,14,678,0.1696607917547226,0.17104914784431458,0.006184946745634079,0.0,0.9952380952380953,0.009523809523809488,1.0,0.0,0.9988095238095237,0.002380952380952373,0.9940476190476191,1.0
XGBoost,LIME,15,116,0.34241434931755066,0.3696979880332947,0.03237443417310715,0.0,0.982142857142857,0.010309826235528995,1.0,0.0,0.9955357142857144,0.0025774565588822483,0.9940476190476191,1.0
XGBoost,LIME,16,660,0.7401439547538757,0.7347161769866943,0.024497225880622864,0.0,0.9726190476190478,0.021658815950786007,0.85,0.16583123951777,0.9181547619047619,0.08465941084528765,0.8214285714285714,1.0
XGBoost,LIME,17,742,0.09078144282102585,0.08683779835700989,0.010392309166491032,0.0,0.9869047619047617,0.011845088536983529,1.0,0.0,0.9967261904761905,0.0029612721342458822,0.9940476190476191,1.0
XGBoost,LIME,18,260,0.8030340671539307,0.8121417164802551,0.012841751798987389,0.0,0.9892857142857142,0.011845088536983529,1.0,0.0,0.9973214285714288,0.0029612721342458822,0.9940476190476191,1.0
XGBoost,LIME,19,533,0.2248755693435669,0.21221208572387695,0.031817179173231125,0.0,0.9904761904761905,0.011664236870396045,1.0,0.0,0.9976190476190478,0.0029160592175990112,0.9940476190476191,1.0
XGBoost,LIME,20,140,0.15908995270729065,0.15942613780498505,0.005573374684900045,0.0,0.9797619047619047,0.01886068990208908,0.8833333333333332,0.1589898669028243,0.9366071428571429,0.08151230987401681,0.8214285714285714,1.0
XGBoost,LIME,21,13,0.7906826138496399,0.7683788537979126,0.04428814351558685,0.0,0.975,0.02317609801658544,0.9333333333333333,0.13333333333333333,0.9604166666666668,0.07108735464058233,0.8095238095238095,1.0
XGBoost,LIME,22,17,0.31322360038757324,0.2996065318584442,0.0385231152176857,0.0,0.9928571428571427,0.01091089451179958,1.0,0.0,0.9982142857142857,0.0027277236279498952,0.9940476190476191,1.0
XGBoost,LIME,23,245,0.8774474263191223,0.8574745059013367,0.029461944475769997,0.0,0.9880952380952379,0.011904761904761862,1.0,0.0,0.9970238095238096,0.0029761904761904656,0.9940476190476191,1.0
XGBoost,LIME,24,517,0.5131827592849731,0.5228473544120789,0.04517330601811409,0.4,0.982142857142857,0.014821309045224652,0.8166666666666667,0.16583123951777,0.9038690476190476,0.08579020695186335,0.8214285714285714,1.0
XGBoost,LIME,25,62,0.06070063263177872,0.060907889157533646,0.00041699985740706325,0.0,0.9916666666666668,0.017292665531349897,1.0,0.0,0.9979166666666668,0.004323166382837469,0.9821428571428572,1.0
XGBoost,LIME,26,480,0.7648981213569641,0.7279052734375,0.06781498342752457,0.0,0.9928571428571427,0.01091089451179958,1.0,0.0,0.9982142857142859,0.0027277236279498952,0.9940476190476191,1.0
XGBoost,LIME,27,629,0.02314933016896248,0.02278314344584942,0.00036618782905861735,0.0,0.9833333333333332,0.010910894511799578,1.0,0.0,0.9958333333333336,0.002727723627949895,0.9940476190476191,1.0
XGBoost,LIME,28,64,0.40358904004096985,0.4062417149543762,0.027400657534599304,0.0,0.9797619047619047,0.01135641906448742,0.9833333333333332,0.0726483157256779,0.9866071428571429,0.037968306018372255,0.8214285714285714,1.0
XGBoost,LIME,29,3,0.04656994715332985,0.0433146134018898,0.004106048494577408,0.0,0.9869047619047621,0.011845088536983529,1.0,0.0,0.9967261904761905,0.0029612721342458822,0.9940476190476191,1.0
XGBoost,LIME,30,158,0.05322781950235367,0.05146687477827072,0.0032820641063153744,0.0,0.9952380952380953,0.009523809523809488,1.0,0.0,0.9988095238095237,0.002380952380952373,0.9940476190476191,1.0
XGBoost,LIME,31,83,0.03472620248794556,0.030386075377464294,0.005513094365596771,0.0,0.9964285714285716,0.008501700510170029,1.0,0.0,0.9991071428571429,0.0021254251275425076,0.9940476190476191,1.0
XGBoost,LIME,32,437,0.4398612380027771,0.46580997109413147,0.07434798777103424,0.5,0.9928571428571427,0.01091089451179958,1.0,0.0,0.9982142857142857,0.0027277236279498952,0.9940476190476191,1.0
XGBoost,LIME,33,153,0.5577130913734436,0.5856386423110962,0.03751278296113014,0.0,0.975,0.021918991237526112,1.0,0.0,0.9937500000000001,0.0054797478093815185,0.9821428571428572,1.0
XGBoost,LIME,34,469,0.8129462003707886,0.8303410410881042,0.04480597376823425,0.0,1.0,0.0,1.0,0.0,1.0,0.0,1.0,1.0
XGBoost,LIME,35,124,0.14320378005504608,0.1465209424495697,0.010499601252377033,0.0,0.9928571428571427,0.01091089451179958,1.0,0.0,0.9982142857142857,0.0027277236279498952,0.9940476190476191,1.0
XGBoost,LIME,36,305,0.25262385606765747,0.25011080503463745,0.018807251006364822,0.0,0.9785714285714284,0.007142857142857117,1.0,0.0,0.9946428571428575,0.0017857142857142798,0.9940476190476191,1.0
XGBoost,LIME,37,767,0.07992739975452423,0.07273722440004349,0.00775547930970788,0.0,0.9964285714285716,0.008501700510170029,1.0,0.0,0.9991071428571429,0.0021254251275425076,0.9940476190476191,1.0
XGBoost,LIME,38,746,0.7648208737373352,0.7548620700836182,0.011726838536560535,0.0,0.9916666666666668,0.01135641906448741,1.0,0.0,0.9979166666666668,0.0028391047661218524,0.9940476190476191,1.0
XGBoost,LIME,39,345,0.5678180456161499,0.5640202760696411,0.050475649535655975,0.1,0.9785714285714284,0.010378330817953961,0.7666666666666666,0.1527525231651947,0.8779761904761904,0.07796255787773389,0.8214285714285714,1.0
XGBoost,LIME,40,745,0.4258730113506317,0.3684290945529938,0.06634735316038132,0.0,0.9607142857142857,0.025281857835232485,0.9833333333333332,0.0726483157256779,0.9818452380952383,0.03733784859417752,0.8214285714285714,1.0
XGBoost,LIME,41,596,0.21047961711883545,0.223831444978714,0.03538389131426811,0.0,0.9654761904761905,0.0140355072887519,0.7,0.1,0.8413690476190476,0.0519692628391567,0.8214285714285714,1.0
XGBoost,LIME,42,279,0.05560888350009918,0.06065317988395691,0.005044297315180302,0.0,0.9809523809523807,0.009523809523809488,1.0,0.0,0.9952380952380955,0.0023809523809523725,0.9940476190476191,1.0
XGBoost,LIME,43,264,0.34241434931755066,0.34887635707855225,0.013266755267977715,0.0,0.9916666666666668,0.01135641906448741,1.0,0.0,0.9979166666666668,0.0028391047661218524,0.9940476190476191,1.0
XGBoost,LIME,44,380,0.19466447830200195,0.19743548333644867,0.01400095783174038,0.0,0.9976190476190474,0.0071428571428571175,1.0,0.0,0.999404761904762,0.0017857142857142796,0.9940476190476191,1.0
XGBoost,LIME,45,560,0.4063393771648407,0.38956159353256226,0.035303786396980286,0.0,0.9714285714285715,0.016148404721726815,0.8333333333333333,0.16666666666666669,0.9095238095238096,0.08635261650012253,0.8214285714285714,1.0
XGBoost,LIME,46,276,0.09448443353176117,0.10232102870941162,0.026845300570130348,0.0,0.9785714285714284,0.0071428571428571175,1.0,0.0,0.9946428571428573,0.0017857142857142794,0.9940476190476191,1.0
XGBoost,LIME,47,501,0.11272373050451279,0.11460714042186737,0.015524951741099358,0.0,0.9952380952380953,0.00952380952380949,1.0,0.0,0.9988095238095239,0.0023809523809523725,0.9940476190476191,1.0
XGBoost,LIME,48,415,0.7389344573020935,0.7417112588882446,0.00997712928801775,0.0,0.9785714285714283,0.014869042853329484,1.0,0.0,0.9946428571428573,0.0037172607133323663,0.9821428571428572,1.0
XGBoost,LIME,49,535,0.37844324111938477,0.4147936701774597,0.06696805357933044,0.15,0.9880952380952379,0.011904761904761862,1.0,0.0,0.9970238095238096,0.0029761904761904656,0.9940476190476191,1.0
XGBoost,LIME,50,558,0.5555031299591064,0.49027958512306213,0.08249126374721527,0.4,0.9869047619047621,0.01592748590507098,0.8666666666666666,0.1632993161855452,0.930059523809524,0.08507689182542895,0.8214285714285714,1.0
XGBoost,LIME,51,484,0.754826009273529,0.7460182309150696,0.009974035434424877,0.0,0.9833333333333334,0.015245533898649608,1.0,0.0,0.9958333333333333,0.0038113834746623964,0.9880952380952381,1.0
XGBoost,LIME,52,428,0.4235149621963501,0.4206417500972748,0.032661594450473785,0.0,0.9952380952380953,0.00952380952380949,1.0,0.0,0.9988095238095239,0.0023809523809523725,0.9940476190476191,1.0
XGBoost,LIME,53,89,0.03885718435049057,0.052335359156131744,0.015231097117066383,0.0,0.9904761904761905,0.011664236870396045,1.0,0.0,0.9976190476190476,0.0029160592175990112,0.9940476190476191,1.0
XGBoost,LIME,54,756,0.6424821615219116,0.633276104927063,0.01584314927458763,0.0,0.9892857142857142,0.011845088536983525,1.0,0.0,0.9973214285714287,0.0029612721342458822,0.9940476190476191,1.0
XGBoost,LIME,55,531,0.3130265474319458,0.3462722599506378,0.07566607743501663,0.0,0.982142857142857,0.010309826235528995,1.0,0.0,0.9955357142857144,0.0025774565588822483,0.9940476190476191,1.0
XGBoost,LIME,56,712,0.6316016316413879,0.6170827150344849,0.01794637367129326,0.0,0.9964285714285716,0.008501700510170029,0.9666666666666666,0.1,0.9824404761904763,0.051702690700035955,0.8273809523809523,1.0
XGBoost,LIME,57,532,0.2721918821334839,0.26102927327156067,0.02346121333539486,0.0,0.9738095238095237,0.010378330817953972,1.0,0.0,0.9934523809523812,0.002594582704488487,0.9821428571428572,0.9940476190476191
XGBoost,LIME,58,355,0.859381377696991,0.8487765192985535,0.030902722850441933,0.0,0.9773809523809524,0.014035507288751881,0.9333333333333333,0.13333333333333336,0.9610119047619049,0.06909570882810345,0.8214285714285714,1.0
XGBoost,LIME,59,713,0.10912814736366272,0.10157017409801483,0.019002150744199753,0.0,0.95,0.023690177073967113,1.0,0.0,0.9875000000000002,0.0059225442684917645,0.9821428571428572,0.9940476190476191
XGBoost,LIME,60,440,0.8547934889793396,0.8504461050033569,0.005486646201461554,0.0,0.980952380952381,0.024513405097588044,1.0,0.0,0.9952380952380955,0.006128351274397003,0.9821428571428572,1.0
XGBoost,LIME,61,311,0.22179870307445526,0.2261940985918045,0.00902458094060421,0.0,0.9928571428571427,0.01091089451179958,1.0,0.0,0.9982142857142857,0.002727723627949895,0.9940476190476191,1.0
XGBoost,LIME,62,494,0.031314268708229065,0.03134196251630783,0.0002506360469851643,0.0,0.9869047619047617,0.011845088536983529,1.0,0.0,0.9967261904761907,0.0029612721342458822,0.9940476190476191,1.0
XGBoost,LIME,63,235,0.8490263819694519,0.8510836362838745,0.012563305906951427,0.0,0.9869047619047617,0.011845088536983529,1.0,0.0,0.9967261904761907,0.0029612721342458822,0.9940476190476191,1.0
XGBoost,LIME,64,650,0.021144580096006393,0.022054754197597504,0.0009101756731979549,0.0,0.982142857142857,0.010309826235528995,1.0,0.0,0.9955357142857144,0.0025774565588822483,0.9940476190476191,1.0
XGBoost,LIME,65,724,0.33433085680007935,0.33823829889297485,0.012957612052559853,0.0,0.9892857142857142,0.011845088536983527,0.9833333333333332,0.0726483157256779,0.9889880952380953,0.0371857105507075,0.8273809523809523,1.0
XGBoost,LIME,66,332,0.8671788573265076,0.8655301332473755,0.009269321337342262,0.0,0.9654761904761905,0.019158901118370316,0.8666666666666666,0.1632993161855452,0.9247023809523812,0.08500189657081145,0.8154761904761905,1.0
XGBoost,LIME,67,418,0.03223031014204025,0.032712213695049286,0.002377648139372468,0.0,0.9892857142857142,0.011845088536983525,1.0,0.0,0.9973214285714285,0.0029612721342458822,0.9940476190476191,1.0
XGBoost,LIME,68,410,0.2873949408531189,0.2656749188899994,0.06569941341876984,0.0,0.9988095238095237,0.005189165408976974,1.0,0.0,0.9997023809523811,0.0012972913522442437,0.9940476190476191,1.0
XGBoost,LIME,69,743,0.7383716106414795,0.7382789850234985,0.0107957748696208,0.0,0.9916666666666665,0.011356419064487406,1.0,0.0,0.9979166666666668,0.0028391047661218524,0.9940476190476191,1.0
XGBoost,LIME,70,419,0.09465853124856949,0.09341099113225937,0.018573425710201263,0.0,0.994047619047619,0.010309826235528995,1.0,0.0,0.9985119047619048,0.0025774565588822487,0.9940476190476191,1.0
XGBoost,LIME,71,527,0.041744668036699295,0.049528930336236954,0.009611268527805805,0.0,0.95,0.023690177073967113,1.0,0.0,0.9875000000000002,0.0059225442684917645,0.9821428571428572,0.9940476190476191
XGBoost,LIME,72,351,0.4618019759654999,0.46493467688560486,0.023357627913355827,0.1,0.9916666666666668,0.01135641906448741,1.0,0.0,0.9979166666666668,0.0028391047661218524,0.9940476190476191,1.0
XGBoost,LIME,73,618,0.5724650621414185,0.5591863393783569,0.018981540575623512,0.05,0.9892857142857142,0.017617438793986553,1.0,0.0,0.9973214285714287,0.004404359698496634,0.9821428571428572,1.0
XGBoost,LIME,74,407,0.040764521807432175,0.03574773669242859,0.0051910411566495895,0.0,0.9892857142857142,0.011845088536983527,1.0,0.0,0.9973214285714287,0.0029612721342458822,0.9940476190476191,1.0
XGBoost,LIME,75,243,0.24349302053451538,0.2360915243625641,0.03945758566260338,0.0,0.9880952380952379,0.011904761904761862,1.0,0.0,0.9970238095238096,0.0029761904761904656,0.9940476190476191,1.0
XGBoost,LIME,76,190,0.040428563952445984,0.04173252731561661,0.0019235685467720032,0.0,0.9785714285714284,0.014869042853329484,1.0,0.0,0.9946428571428575,0.0037172607133323676,0.9821428571428572,1.0
XGBoost,LIME,77,187,0.5506840348243713,0.5020599961280823,0.052283693104982376,0.45,0.9964285714285716,0.008501700510170029,1.0,0.0,0.9991071428571429,0.0021254251275425076,0.9940476190476191,1.0
XGBoost,LIME,78,496,0.07852885127067566,0.08588294684886932,0.018558261916041374,0.0,0.9869047619047617,0.011845088536983529,1.0,0.0,0.9967261904761907,0.0029612721342458822,0.9940476190476191,1.0
XGBoost,LIME,79,441,0.07028481364250183,0.07236362993717194,0.005632028914988041,0.0,0.9952380952380953,0.00952380952380949,1.0,0.0,0.9988095238095239,0.0023809523809523725,0.9940476190476191,1.0
XGBoost,LIME,80,430,0.03156478330492973,0.03608543425798416,0.004648265894502401,0.0,0.982142857142857,0.014821309045224652,1.0,0.0,0.9955357142857144,0.003705327261306157,0.9880952380952381,1.0
XGBoost,LIME,81,698,0.36131858825683594,0.3574299216270447,0.06557688862085342,0.0,0.9869047619047617,0.011845088536983529,1.0,0.0,0.9967261904761905,0.0029612721342458822,0.9940476190476191,1.0
XGBoost,LIME,82,513,0.04687502980232239,0.047220028936862946,0.01213927287608385,0.0,0.9964285714285716,0.008501700510170029,1.0,0.0,0.9991071428571429,0.0021254251275425076,0.9940476190476191,1.0
XGBoost,LIME,83,304,0.190151184797287,0.2240004539489746,0.04810228943824768,0.0,0.9797619047619047,0.008501700510170029,1.0,0.0,0.9949404761904764,0.002125425127542507,0.9940476190476191,1.0
XGBoost,LIME,84,82,0.24659565091133118,0.25616735219955444,0.012686485424637794,0.0,0.9892857142857142,0.011845088536983529,1.0,0.0,0.9973214285714287,0.0029612721342458822,0.9940476190476191,1.0
XGBoost,LIME,85,563,0.08078500628471375,0.1057715192437172,0.04330236464738846,0.0,0.994047619047619,0.010309826235528995,1.0,0.0,0.9985119047619048,0.0025774565588822487,0.9940476190476191,1.0
XGBoost,LIME,86,722,0.447810560464859,0.44722017645835876,0.06619322299957275,0.2,0.9857142857142858,0.011664236870396045,0.9833333333333332,0.0726483157256779,0.9880952380952381,0.03698148706430732,0.8273809523809523,1.0
XGBoost,LIME,87,199,0.4280824661254883,0.43004950881004333,0.010568532161414623,0.0,0.9892857142857142,0.011845088536983527,1.0,0.0,0.9973214285714287,0.0029612721342458822,0.9940476190476191,1.0
XGBoost,LIME,88,112,0.06119352579116821,0.06435380131006241,0.0036876858212053776,0.0,0.9785714285714284,0.014869042853329484,1.0,0.0,0.9946428571428575,0.003717260713332367,0.9821428571428572,1.0
XGBoost,LIME,89,162,0.18769070506095886,0.20816051959991455,0.025968197733163834,0.0,0.980952380952381,0.020756661635907923,1.0,0.0,0.9952380952380953,0.005189165408976974,0.9821428571428572,1.0
XGBoost,LIME,90,24,0.6462668180465698,0.6487761735916138,0.008693033829331398,0.0,0.9678571428571427,0.015567496226930969,0.7833333333333332,0.1589898669028243,0.8836309523809524,0.08048875905657339,0.8214285714285714,1.0
XGBoost,LIME,91,215,0.740547776222229,0.7607816457748413,0.021337825804948807,0.0,0.9904761904761905,0.011664236870396045,1.0,0.0,0.9976190476190478,0.0029160592175990112,0.9940476190476191,1.0
XGBoost,LIME,92,42,0.14450053870677948,0.13576357066631317,0.01554880477488041,0.0,0.9916666666666665,0.011356419064487406,0.9833333333333334,0.0726483157256779,0.9895833333333336,0.03730936996655918,0.8273809523809523,1.0
XGBoost,LIME,93,366,0.19515398144721985,0.1747901737689972,0.04104631766676903,0.0,0.9845238095238095,0.01135641906448741,1.0,0.0,0.9961309523809525,0.002839104766121852,0.9940476190476191,1.0
XGBoost,LIME,94,402,0.4643975496292114,0.45762577652931213,0.026025449857115746,0.1,0.9916666666666668,0.01135641906448741,1.0,0.0,0.9979166666666668,0.0028391047661218524,0.9940476190476191,1.0
XGBoost,LIME,95,88,0.5657147169113159,0.559666097164154,0.020431149750947952,0.0,0.9880952380952379,0.017657615445465832,0.9166666666666666,0.14433756729740646,0.9553571428571429,0.07598325615173057,0.8214285714285714,1.0
XGBoost,LIME,96,486,0.5290992856025696,0.5132204294204712,0.025071928277611732,0.2,0.9892857142857142,0.011845088536983527,1.0,0.0,0.9973214285714287,0.0029612721342458822,0.9940476190476191,1.0
XGBoost,LIME,97,436,0.6283090710639954,0.6122244596481323,0.02223360538482666,0.0,0.9976190476190474,0.0071428571428571175,1.0,0.0,0.999404761904762,0.0017857142857142794,0.9940476190476191,1.0
XGBoost,LIME,98,399,0.7684535980224609,0.7438872456550598,0.026976892724633217,0.0,0.9833333333333332,0.01091089451179958,1.0,0.0,0.9958333333333333,0.002727723627949895,0.9940476190476191,1.0
XGBoost,LIME,99,488,0.03261316195130348,0.03782075643539429,0.008554545231163502,0.0,0.994047619047619,0.010309826235528995,1.0,0.0,0.9985119047619048,0.0025774565588822487,0.9940476190476191,1.0
XGBoost,LIME,100,615,0.046682603657245636,0.049596887081861496,0.011752980761229992,0.0,0.994047619047619,0.010309826235528995,1.0,0.0,0.9985119047619048,0.0025774565588822487,0.9940476190476191,1.0
XGBoost,LIME,101,481,0.2544947564601898,0.27278268337249756,0.04372067004442215,0.0,0.9976190476190476,0.007142857142857117,1.0,0.0,0.9994047619047619,0.0017857142857142792,0.9940476190476191,1.0
XGBoost,LIME,102,139,0.1495804637670517,0.14650163054466248,0.02437579073011875,0.0,0.9880952380952381,0.011904761904761862,1.0,0.0,0.9970238095238095,0.0029761904761904656,0.9940476190476191,1.0
XGBoost,LIME,103,570,0.14322304725646973,0.14471560716629028,0.00537292193621397,0.0,0.9904761904761905,0.011664236870396045,1.0,0.0,0.9976190476190478,0.0029160592175990112,0.9940476190476191,1.0
XGBoost,LIME,104,300,0.9048407673835754,0.8920092582702637,0.012831509113311768,0.0,0.955952380952381,0.013625622788404275,0.6666666666666665,1.1102230246251565e-16,0.8223214285714286,0.0034064056971010587,0.8154761904761905,0.8273809523809523
XGBoost,LIME,105,736,0.1343812793493271,0.12308577448129654,0.04535553604364395,0.0,0.994047619047619,0.010309826235528995,1.0,0.0,0.9985119047619049,0.0025774565588822487,0.9940476190476191,1.0
XGBoost,LIME,106,445,0.8743423819541931,0.8682268261909485,0.006402140948921442,0.0,0.9357142857142857,0.04331763190157202,1.0,0.0,0.9839285714285717,0.010829407975393007,0.9523809523809524,0.9940476190476191
XGBoost,LIME,107,447,0.10080103576183319,0.10501740872859955,0.00856715627014637,0.0,0.9809523809523807,0.009523809523809488,1.0,0.0,0.9952380952380955,0.0023809523809523725,0.9940476190476191,1.0
XGBoost,LIME,108,489,0.7440780401229858,0.7442527413368225,0.005253753159195185,0.0,0.9892857142857142,0.011845088536983529,0.9833333333333334,0.07264831572567791,0.9889880952380953,0.0371857105507075,0.8273809523809523,1.0
XGBoost,LIME,109,330,0.25950658321380615,0.25441795587539673,0.00607783067971468,0.0,0.9928571428571427,0.01091089451179958,1.0,0.0,0.9982142857142857,0.002727723627949895,0.9940476190476191,1.0
XGBoost,LIME,110,144,0.3908846378326416,0.4769147038459778,0.10130776464939117,0.5,0.994047619047619,0.010309826235528995,1.0,0.0,0.9985119047619048,0.0025774565588822487,0.9940476190476191,1.0
XGBoost,LIME,111,185,0.9125188589096069,0.9077433347702026,0.007018858101218939,0.0,0.9904761904761905,0.011664236870396045,1.0,0.0,0.9976190476190476,0.0029160592175990112,0.9940476190476191,1.0
XGBoost,LIME,112,584,0.5275819301605225,0.5208061933517456,0.02796485461294651,0.25,0.9571428571428573,0.022080044036894547,0.7166666666666666,0.11902380714238085,0.8476190476190475,0.06252550500004143,0.8095238095238095,1.0
XGBoost,LIME,113,164,0.5851848125457764,0.5296680927276611,0.06130629777908325,0.2,0.9904761904761905,0.011664236870396045,1.0,0.0,0.9976190476190478,0.0029160592175990112,0.9940476190476191,1.0
XGBoost,LIME,114,309,0.4021635353565216,0.44923296570777893,0.049185384064912796,0.2,0.9880952380952379,0.011904761904761862,1.0,0.0,0.9970238095238096,0.0029761904761904656,0.9940476190476191,1.0
XGBoost,LIME,115,127,0.1611260622739792,0.15472236275672913,0.006403693463653326,0.0,0.994047619047619,0.010309826235528995,1.0,0.0,0.9985119047619049,0.0025774565588822487,0.9940476190476191,1.0
XGBoost,LIME,116,763,0.29670611023902893,0.2680457532405853,0.03960515558719635,0.0,0.9035714285714285,0.029618703106249353,0.6666666666666665,1.1102230246251565e-16,0.8092261904761905,0.007404675776562312,0.8035714285714286,0.8273809523809523
XGBoost,LIME,117,310,0.0625029057264328,0.06761208921670914,0.010477778501808643,0.0,0.9928571428571429,0.010910894511799581,1.0,0.0,0.9982142857142857,0.0027277236279498952,0.9940476190476191,1.0
XGBoost,LIME,118,740,0.6709587574005127,0.6573008298873901,0.019661899656057358,0.0,0.9880952380952379,0.01408590424547524,0.9833333333333332,0.0726483157256779,0.9886904761904762,0.03847927704498569,0.8214285714285714,1.0
XGBoost,LIME,119,347,0.0643373504281044,0.06288278102874756,0.00200637336820364,0.0,0.9857142857142858,0.01388321879725068,1.0,0.0,0.9964285714285716,0.003470804699312667,0.9880952380952381,1.0
XGBoost,LIME,120,247,0.8737770915031433,0.8790121078491211,0.007714071776717901,0.0,0.9785714285714284,0.023690177073967093,1.0,0.0,0.9946428571428573,0.0059225442684917645,0.9821428571428572,1.0
XGBoost,LIME,121,6,0.06672509014606476,0.0655004158616066,0.004046977031975985,0.0,0.9928571428571427,0.01091089451179958,1.0,0.0,0.9982142857142857,0.002727723627949895,0.9940476190476191,1.0
XGBoost,LIME,122,674,0.2667502164840698,0.26913899183273315,0.01655658707022667,0.0,0.9773809523809526,0.026593223694867444,1.0,0.0,0.9943452380952381,0.00664830592371686,0.9761904761904762,1.0
XGBoost,LIME,123,258,0.6074137687683105,0.6132842898368835,0.012809207662940025,0.0,0.9880952380952379,0.01765761544546582,1.0,0.0,0.9970238095238095,0.00441440386136645,0.9821428571428572,1.0
XGBoost,LIME,124,198,0.2416432648897171,0.24414758384227753,0.00811256468296051,0.0,0.994047619047619,0.010309826235528995,1.0,0.0,0.9985119047619048,0.0025774565588822487,0.9940476190476191,1.0
XGBoost,LIME,125,238,0.8831433057785034,0.8652240037918091,0.02223183773458004,0.0,0.9952380952380953,0.016148404721726795,1.0,0.0,0.9988095238095237,0.0040371011804316926,0.9821428571428572,1.0
XGBoost,LIME,126,417,0.639927327632904,0.6272232532501221,0.013940602540969849,0.0,0.9988095238095237,0.005189165408976974,1.0,0.0,0.9997023809523811,0.0012972913522442437,0.9940476190476191,1.0
XGBoost,LIME,127,699,0.3606719970703125,0.3683938682079315,0.025872450321912766,0.05,0.9821428571428573,0.010309826235528995,1.0,0.0,0.9955357142857144,0.0025774565588822483,0.9940476190476191,1.0
XGBoost,LIME,128,205,0.05350466072559357,0.052257735282182693,0.0068176016211509705,0.0,0.9678571428571427,0.020308002510990422,1.0,0.0,0.991964285714286,0.005077000627747595,0.9821428571428572,1.0
XGBoost,LIME,129,543,0.07868215441703796,0.07569421082735062,0.0037220418453216553,0.0,0.9892857142857142,0.011845088536983529,1.0,0.0,0.9973214285714287,0.0029612721342458822,0.9940476190476191,1.0
XGBoost,LIME,130,554,0.10602115839719772,0.11639095842838287,0.015609880909323692,0.0,0.9857142857142858,0.011664236870396045,1.0,0.0,0.9964285714285716,0.0029160592175990112,0.9940476190476191,1.0
XGBoost,LIME,131,244,0.5556524395942688,0.5265284776687622,0.0351177453994751,0.25,0.9797619047619047,0.008501700510170029,1.0,0.0,0.9949404761904764,0.002125425127542507,0.9940476190476191,1.0
XGBoost,LIME,132,94,0.1289137303829193,0.13168981671333313,0.007172009442001581,0.0,0.9666666666666665,0.01904761904761902,1.0,0.0,0.9916666666666669,0.004761904761904745,0.9821428571428572,0.9940476190476191
XGBoost,LIME,133,424,0.7495403289794922,0.7453208565711975,0.023767519742250443,0.0,0.9892857142857142,0.011845088536983525,1.0,0.0,0.9973214285714285,0.0029612721342458822,0.9940476190476191,1.0
XGBoost,LIME,134,212,0.8186073899269104,0.8060653805732727,0.013258049264550209,0.0,0.975,0.020585257697369706,0.9666666666666666,0.1,0.9770833333333335,0.05210543748637238,0.8214285714285714,1.0
XGBoost,LIME,135,697,0.03249973803758621,0.03656802326440811,0.004386549815535545,0.0,0.9845238095238095,0.01135641906448741,1.0,0.0,0.9961309523809525,0.002839104766121852,0.9940476190476191,1.0
XGBoost,LIME,136,679,0.04507467895746231,0.04440557211637497,0.004729061387479305,0.0,0.9845238095238095,0.011356419064487408,1.0,0.0,0.9961309523809524,0.002839104766121852,0.9940476190476191,1.0
XGBoost,LIME,137,589,0.035615451633930206,0.033522751182317734,0.0030028377659618855,0.0,0.9869047619047621,0.014035507288751864,1.0,0.0,0.9967261904761907,0.0035088768221879624,0.9880952380952381,1.0
XGBoost,LIME,138,421,0.029494985938072205,0.033014584332704544,0.005151639226824045,0.0,0.994047619047619,0.010309826235528995,1.0,0.0,0.9985119047619048,0.0025774565588822487,0.9940476190476191,1.0
XGBoost,LIME,139,734,0.13398444652557373,0.12905609607696533,0.006952453404664993,0.0,0.980952380952381,0.016148404721726798,0.9166666666666666,0.14433756729740646,0.9535714285714286,0.07497637571995446,0.8214285714285714,1.0
XGBoost,LIME,140,268,0.034570880234241486,0.03099777176976204,0.0046438067220151424,0.0,0.9857142857142858,0.01388321879725068,1.0,0.0,0.9964285714285716,0.003470804699312667,0.9880952380952381,1.0
XGBoost,LIME,141,635,0.3838358223438263,0.3856734037399292,0.021232983097434044,0.0,0.9880952380952379,0.011904761904761862,1.0,0.0,0.9970238095238096,0.0029761904761904656,0.9940476190476191,1.0
XGBoost,LIME,142,87,0.13026845455169678,0.12035246193408966,0.01668260619044304,0.0,0.9952380952380953,0.00952380952380949,1.0,0.0,0.9988095238095239,0.0023809523809523725,0.9940476190476191,1.0
XGBoost,LIME,143,75,0.021471712738275528,0.021458813920617104,0.00014146362082101405,0.0,0.9833333333333332,0.01325658181626192,1.0,0.0,0.9958333333333336,0.0033141454540654776,0.9880952380952381,1.0
XGBoost,LIME,144,537,0.08421042561531067,0.08251610398292542,0.002189572434872389,0.0,0.9892857142857142,0.011845088536983525,1.0,0.0,0.9973214285714285,0.0029612721342458822,0.9940476190476191,1.0
XGBoost,LIME,145,38,0.13094599545001984,0.149152472615242,0.02054547518491745,0.0,0.9761904761904759,3.3306690738754696e-16,1.0,0.0,0.9940476190476193,2.220446049250313e-16,0.9940476190476191,0.9940476190476191
XGBoost,LIME,146,298,0.4422284662723541,0.40842288732528687,0.04553794115781784,0.0,0.9797619047619047,0.024134684443706284,0.9333333333333332,0.13333333333333336,0.9616071428571431,0.06955567905399339,0.8214285714285714,1.0
XGBoost,LIME,147,115,0.6149665713310242,0.6019541025161743,0.022668125107884407,0.05,0.9583333333333336,0.022430290096924745,0.6999999999999998,0.1,0.8395833333333333,0.052720591258353565,0.8095238095238095,1.0
XGBoost,LIME,148,86,0.3880683481693268,0.3978073298931122,0.022197578102350235,0.0,0.95,0.022461859838230028,0.7666666666666665,0.1527525231651947,0.8708333333333333,0.0795060751540067,0.8095238095238095,0.9940476190476191
XGBoost,LIME,149,32,0.021867554634809494,0.021817754954099655,8.607935160398483e-05,0.0,0.9904761904761905,0.011664236870396045,1.0,0.0,0.9976190476190478,0.0029160592175990112,0.9940476190476191,1.0
XGBoost,LIME,150,637,0.11189892888069153,0.10185515880584717,0.012883874587714672,0.0,0.9797619047619047,0.02413468444370625,1.0,0.0,0.9949404761904763,0.0060336711109265535,0.9821428571428572,1.0
XGBoost,LIME,151,593,0.12332852929830551,0.11593891680240631,0.020887818187475204,0.0,0.9904761904761905,0.011664236870396045,1.0,0.0,0.9976190476190478,0.0029160592175990112,0.9940476190476191,1.0
XGBoost,LIME,152,425,0.8119360208511353,0.8142539262771606,0.0033542781602591276,0.0,0.9785714285714284,0.02369017707396712,1.0,0.0,0.9946428571428573,0.005922544268491781,0.9761904761904762,1.0
XGBoost,LIME,153,273,0.07597680389881134,0.07690076529979706,0.0009239487117156386,0.0,0.9964285714285716,0.008501700510170029,1.0,0.0,0.9991071428571429,0.0021254251275425076,0.9940476190476191,1.0
